Workbook

Sheet لوحة القيادة
A1: لوحة قيادة الأداء — دعم قرار أصحاب المصلحة
A2: نظرة شاملة على أداء المنشأة عبر الأقسام · مبنية على المخرجات والأثر
B4: عدد الموظفين | D4: متوسط الأداء العام | F4: يفوق التوقعات (75+) | H4: تحت المستوى (<60) | J4: أعلى موظف أداءً
B5: =COUNT('قاعدة البيانات'!$D$3:$D$152) -> 105 | D5: =ROUND(AVERAGE('قاعدة البيانات'!$D$3:$D$152),1) -> 78.4 | F5: =COUNTIF('قاعدة البيانات'!$D$3:$D$152,">=75") -> 67 | H5: =COUNTIF('قاعدة البيانات'!$D$3:$D$152,"<60") -> 13 | J5: =INDEX('قاعدة البيانات'!$B$3:$B$152,MATCH(MAX('قاعدة البيانات'!$G$3:$G$152),'قاعدة البيانات'!$G$3:$G$152,0)) -> مها الخالدي
B8: مقارنة الأقسام | H8: أعلى 5 أداءً
B9: القسم | C9: المتوسط | D9: العدد | E9: النتيجة | H9: الموظف | I9: القسم | J9: الدرجة
B10: التسويق والمبيعات | C10: ='التسويق والمبيعات'!O30 -> 80.4 | D10: =COUNTA('التسويق والمبيعات'!B4:B28) -> 18 | E10: =IF(C10="","",IF(C10>=90,"أداء متميز",IF(C10>=75,"يفوق التوقعات",IF(C10>=60,"يلبّي التوقعات",IF(C10>=45,"يحتاج تطوير","غير مُرضٍ"))))) -> يفوق التوقعات | H10: =IFERROR(INDEX('قاعدة البيانات'!$B$3:$B$152,MATCH(LARGE('قاعدة البيانات'!$G$3:$G$152,1),'قاعدة البيانات'!$G$3:$G$152,0)),"") -> مها الخالدي | I10: =IFERROR(INDEX('قاعدة البيانات'!$C$3:$C$152,MATCH(LARGE('قاعدة البيانات'!$G$3:$G$152,1),'قاعدة البيانات'!$G$3:$G$152,0)),"") -> التسويق والمبيعات | J10: =IFERROR(ROUND(LARGE('قاعدة البيانات'!$D$3:$D$152,1),1),"") -> 100
B11: استقطاب المواهب | C11: ='استقطاب المواهب'!O30 -> 75.2 | D11: =COUNTA('استقطاب المواهب'!B4:B28) -> 18 | E11: =IF(C11="","",IF(C11>=90,"أداء متميز",IF(C11>=75,"يفوق التوقعات",IF(C11>=60,"يلبّي التوقعات",IF(C11>=45,"يحتاج تطوير","غير مُرضٍ"))))) -> يفوق التوقعات | H11: =IFERROR(INDEX('قاعدة البيانات'!$B$3:$B$152,MATCH(LARGE('قاعدة البيانات'!$G$3:$G$152,2),'قاعدة البيانات'!$G$3:$G$152,0)),"") -> سعود الشهراني | I11: =IFERROR(INDEX('قاعدة البيانات'!$C$3:$C$152,MATCH(LARGE('قاعدة البيانات'!$G$3:$G$152,2),'قاعدة البيانات'!$G$3:$G$152,0)),"") -> استقطاب المواهب | J11: =IFERROR(ROUND(LARGE('قاعدة البيانات'!$D$3:$D$152,2),1),"") -> 99.8
B12: التعلم والتطوير | C12: ='التعلم والتطوير'!O30 -> 75.8 | D12: =COUNTA('التعلم والتطوير'!B4:B28) -> 18 | E12: =IF(C12="","",IF(C12>=90,"أداء متميز",IF(C12>=75,"يفوق التوقعات",IF(C12>=60,"يلبّي التوقعات",IF(C12>=45,"يحتاج تطوير","غير مُرضٍ"))))) -> يفوق التوقعات | H12: =IFERROR(INDEX('قاعدة البيانات'!$B$3:$B$152,MATCH(LARGE('قاعدة البيانات'!$G$3:$G$152,3),'قاعدة البيانات'!$G$3:$G$152,0)),"") -> عبدالله العنزي | I12: =IFERROR(INDEX('قاعدة البيانات'!$C$3:$C$152,MATCH(LARGE('قاعدة البيانات'!$G$3:$G$152,3),'قاعدة البيانات'!$G$3:$G$152,0)),"") -> استقطاب المواهب | J12: =IFERROR(ROUND(LARGE('قاعدة البيانات'!$D$3:$D$152,3),1),"") -> 99.5
B13: نجاح العملاء | C13: ='نجاح العملاء'!O30 -> 77.6 | D13: =COUNTA('نجاح العملاء'!B4:B28) -> 18 | E13: =IF(C13="","",IF(C13>=90,"أداء متميز",IF(C13>=75,"يفوق التوقعات",IF(C13>=60,"يلبّي التوقعات",IF(C13>=45,"يحتاج تطوير","غير مُرضٍ"))))) -> يفوق التوقعات | H13: =IFERROR(INDEX('قاعدة البيانات'!$B$3:$B$152,MATCH(LARGE('قاعدة البيانات'!$G$3:$G$152,4),'قاعدة البيانات'!$G$3:$G$152,0)),"") -> طارق الشمري | I13: =IFERROR(INDEX('قاعدة البيانات'!$C$3:$C$152,MATCH(LARGE('قاعدة البيانات'!$G$3:$G$152,4),'قاعدة البيانات'!$G$3:$G$152,0)),"") -> تطوير البرمجيات | J13: =IFERROR(ROUND(LARGE('قاعدة البيانات'!$D$3:$D$152,4),1),"") -> 99.4
B14: تطوير البرمجيات | C14: ='تطوير البرمجيات'!O30 -> 84.3 | D14: =COUNTA('تطوير البرمجيات'!B4:B28) -> 17 | E14: =IF(C14="","",IF(C14>=90,"أداء متميز",IF(C14>=75,"يفوق التوقعات",IF(C14>=60,"يلبّي التوقعات",IF(C14>=45,"يحتاج تطوير","غير مُرضٍ"))))) -> يفوق التوقعات | H14: =IFERROR(INDEX('قاعدة البيانات'!$B$3:$B$152,MATCH(LARGE('قاعدة البيانات'!$G$3:$G$152,5),'قاعدة البيانات'!$G$3:$G$152,0)),"") -> سعود الزهراني | I14: =IFERROR(INDEX('قاعدة البيانات'!$C$3:$C$152,MATCH(LARGE('قاعدة البيانات'!$G$3:$G$152,5),'قاعدة البيانات'!$G$3:$G$152,0)),"") -> تطوير البرمجيات | J14: =IFERROR(ROUND(LARGE('قاعدة البيانات'!$D$3:$D$152,5),1),"") -> 99.3
B15: المالية والمحاسبة | C15: ='المالية والمحاسبة'!O30 -> 77.6 | D15: =COUNTA('المالية والمحاسبة'!B4:B28) -> 16 | E15: =IF(C15="","",IF(C15>=90,"أداء متميز",IF(C15>=75,"يفوق التوقعات",IF(C15>=60,"يلبّي التوقعات",IF(C15>=45,"يحتاج تطوير","غير مُرضٍ"))))) -> يفوق التوقعات
B16: الإجمالي | C16: =ROUND(AVERAGE('قاعدة البيانات'!$D$3:$D$152),1) -> 78.4 | D16: =COUNT('قاعدة البيانات'!$D$3:$D$152) -> 105 | E16: =IF(C16="","",IF(C16>=90,"أداء متميز",IF(C16>=75,"يفوق التوقعات",IF(C16>=60,"يلبّي التوقعات",IF(C16>=45,"يحتاج تطوير","غير مُرضٍ"))))) -> يفوق التوقعات
H17: قائمة المخاطر — أدنى 5 (تحتاج تدخّل)
H18: الموظف | I18: القسم | J18: الدرجة
H19: =IFERROR(INDEX('قاعدة البيانات'!$B$3:$B$152,MATCH(SMALL('قاعدة البيانات'!$G$3:$G$152,1),'قاعدة البيانات'!$G$3:$G$152,0)),"") -> ناصر الحربي | I19: =IFERROR(INDEX('قاعدة البيانات'!$C$3:$C$152,MATCH(SMALL('قاعدة البيانات'!$G$3:$G$152,1),'قاعدة البيانات'!$G$3:$G$152,0)),"") -> استقطاب المواهب | J19: =IFERROR(ROUND(SMALL('قاعدة البيانات'!$D$3:$D$152,1),1),"") -> 40.5
H20: =IFERROR(INDEX('قاعدة البيانات'!$B$3:$B$152,MATCH(SMALL('قاعدة البيانات'!$G$3:$G$152,2),'قاعدة البيانات'!$G$3:$G$152,0)),"") -> بندر الرشيدي | I20: =IFERROR(INDEX('قاعدة البيانات'!$C$3:$C$152,MATCH(SMALL('قاعدة البيانات'!$G$3:$G$152,2),'قاعدة البيانات'!$G$3:$G$152,0)),"") -> استقطاب المواهب | J20: =IFERROR(ROUND(SMALL('قاعدة البيانات'!$D$3:$D$152,2),1),"") -> 43.1
H21: =IFERROR(INDEX('قاعدة البيانات'!$B$3:$B$152,MATCH(SMALL('قاعدة البيانات'!$G$3:$G$152,3),'قاعدة البيانات'!$G$3:$G$152,0)),"") -> غادة الحربي | I21: =IFERROR(INDEX('قاعدة البيانات'!$C$3:$C$152,MATCH(SMALL('قاعدة البيانات'!$G$3:$G$152,3),'قاعدة البيانات'!$G$3:$G$152,0)),"") -> التعلم والتطوير | J21: =IFERROR(ROUND(SMALL('قاعدة البيانات'!$D$3:$D$152,3),1),"") -> 46.2
H22: =IFERROR(INDEX('قاعدة البيانات'!$B$3:$B$152,MATCH(SMALL('قاعدة البيانات'!$G$3:$G$152,4),'قاعدة البيانات'!$G$3:$G$152,0)),"") -> شهد القحطاني | I22: =IFERROR(INDEX('قاعدة البيانات'!$C$3:$C$152,MATCH(SMALL('قاعدة البيانات'!$G$3:$G$152,4),'قاعدة البيانات'!$G$3:$G$152,0)),"") -> المالية والمحاسبة | J22: =IFERROR(ROUND(SMALL('قاعدة البيانات'!$D$3:$D$152,4),1),"") -> 48.1
H23: =IFERROR(INDEX('قاعدة البيانات'!$B$3:$B$152,MATCH(SMALL('قاعدة البيانات'!$G$3:$G$152,5),'قاعدة البيانات'!$G$3:$G$152,0)),"") -> مشعل العتيبي | I23: =IFERROR(INDEX('قاعدة البيانات'!$C$3:$C$152,MATCH(SMALL('قاعدة البيانات'!$G$3:$G$152,5),'قاعدة البيانات'!$G$3:$G$152,0)),"") -> نجاح العملاء | J23: =IFERROR(ROUND(SMALL('قاعدة البيانات'!$D$3:$D$152,5),1),"") -> 48.7

Sheet المنهجية
A1: منهجية مؤشرات الأداء — تحليل سلسلة القيمة (Value Flow-Analysis)
A2: إعداد: Abdulrahim Obaid — CPC · HRIS | المؤشر يُبنى من القيمة لا من الرقم
A4: المستويات الخمسة لبناء أي مؤشر
A5: م | B5: المستوى | C5: السؤال الذي يجيب عليه | D5: ماذا نقيس
A6: 1 | B6: الأهداف | C6: ما الغاية الاستراتيجية المراد تحقيقها؟ | D6: اتجاه عام
A7: 2 | B7: المدخلات | C7: ما الموارد البشرية والمالية والتقنية؟ | D7: موارد (سياق)
A8: 3 | B8: العمليات | C8: ما الذي يحدث فعلياً داخل التنفيذ؟ | D8: الوقت والكفاءة
A9: 4 | B9: المخرجات | C9: ما الذي أُنجِز بشكل مباشر؟ | D9: نتائج قابلة للعدّ
A10: 5 | B10: النتائج والأثر | C10: هل انعكس على العميل أو الأعمال؟ | D10: القيمة المضافة
A12: القواعد الذهبية
A13: — ابدأ من الهدف والقيمة، لا من الرقم.
A14: — صفر نقطة على الحضور — الأداء يُقاس بالمخرجات والأثر.
A15: — كل مؤشر يأخذ وزناً نسبياً، ومجموع الأوزان = 100.
A16: — اربط كل مؤشر بموقعه في سلسلة القيمة قبل تحديد وزنه.
A17: — ركّز الأوزان على المخرجات والأثر.
A18: — المؤشر القوي يكشف أين الخلل، لا يراقب النشاط فقط.
A19: — الدرجة تُحتسب آلياً — تقييم بلا عواطف.
A21: سلّم التقييم (من 100)
A22: 90 – 100 | C22: أداء متميز
A23: 75 – 89 | C23: يفوق التوقعات
A24: 60 – 74 | C24: يلبّي التوقعات
A25: 45 – 59 | C25: يحتاج تطوير
A26: أقل من 45 | C26: غير مُرضٍ

Sheet دليل المؤشرات
A1: دليل المؤشرات المعتمد — مرجع الإعدادات (المصدر الوحيد للأوزان والأهداف)
A2: عدّل الوزن أو الهدف هنا فتتحدّث درجات كل الأقسام آلياً · مجموع أوزان كل قسم = 100
A3: القسم | B3: المؤشر (KPI) | C3: مرحلة القيمة | D3: الاتجاه | E3: الوزن | F3: الهدف
A4: التسويق والمبيعات | B4: المبيعات المنسوبة للمحتوى (ر.س) | C4: الأثر | D4: ↑ | E4: 30 | F4: 60000
B5: عدد المقاطع المنشورة | C5: العمليات | D5: ↑ | E5: 20 | F5: 90
B6: مبيعات لكل 1000 مشاهدة | C6: الكفاءة | D6: ↑ | E6: 15 | F6: 50
B7: معدل الطلبات لكل مقطع | C7: الكفاءة | D7: ↑ | E7: 15 | F7: 9
B8: المتابعون الجدد | C8: المخرجات | D8: ↑ | E8: 10 | F8: 5000
B9: متوسط قيمة الطلب (ر.س) | C9: الأثر | D9: ↑ | E9: 10 | F9: 155
A10: مجموع الأوزان | E10: =SUM(E4:E9) -> 100
A11: استقطاب المواهب | B11: جودة التوظيف % اجتياز التجربة | C11: الأثر | D11: ↑ | E11: 25 | F11: 90
B12: زمن شغل الوظيفة (يوم) | C12: العمليات | D12: ↓ | E12: 20 | F12: 30
B13: عدد التعيينات المكتملة | C13: المخرجات | D13: ↑ | E13: 15 | F13: 8
B14: نسبة قبول العروض % | C14: العمليات | D14: ↑ | E14: 15 | F14: 80
B15: تكلفة التوظيف (ر.س) | C15: المدخلات | D15: ↓ | E15: 15 | F15: 4000
B16: رضا المدير الطالب (1-10) | C16: الأثر | D16: ★ | E16: 10 | F16: 10
A17: مجموع الأوزان | E17: =SUM(E11:E16) -> 100
A18: التعلم والتطوير | B18: تحسّن الأداء بعد التدريب % | C18: الأثر | D18: ↑ | E18: 25 | F18: 15
B19: نسبة إكمال البرامج % | C19: المخرجات | D19: ↑ | E19: 20 | F19: 85
B20: تغطية خطط التطوير IDP % | C20: العمليات | D20: ↑ | E20: 15 | F20: 90
B21: رضا المتدربين (من 5) | C21: الأثر | D21: ↑ | E21: 15 | F21: 4.5
B22: ساعات التدريب المنفّذة | C22: العمليات | D22: ↑ | E22: 15 | F22: 120
B23: احتفاظ بالمواهب المدرّبة % | C23: الأثر | D23: ↑ | E23: 10 | F23: 90
A24: مجموع الأوزان | E24: =SUM(E18:E23) -> 100
A25: نجاح العملاء | B25: نسبة التجديد Retention % | C25: الأثر | D25: ↑ | E25: 25 | F25: 85
B26: الحل من أول تواصل FCR % | C26: المخرجات | D26: ↑ | E26: 20 | F26: 80
B27: رضا العملاء CSAT % | C27: الأثر | D27: ↑ | E27: 20 | F27: 90
B28: زمن الاستجابة الأولى (ساعة) | C28: العمليات | D28: ↓ | E28: 15 | F28: 2
B29: صافي الترويج NPS | C29: الأثر | D29: ↑ | E29: 10 | F29: 50
B30: عدد التذاكر المغلقة | C30: المخرجات | D30: ↑ | E30: 10 | F30: 200
A31: مجموع الأوزان | E31: =SUM(E25:E30) -> 100
A32: تطوير البرمجيات | B32: التسليم في الموعد % | C32: المخرجات | D32: ↑ | E32: 20 | F32: 90
B33: استقرار النظام Uptime % | C33: الأثر | D33: ↑ | E33: 20 | F33: 99.5
B34: الأخطاء بعد الإطلاق | C34: الجودة | D34: ↓ | E34: 15 | F34: 5
B35: نقاط القصة المنجزة | C35: المخرجات | D35: ↑ | E35: 15 | F35: 40
B36: تغطية الاختبارات % | C36: العمليات | D36: ↑ | E36: 15 | F36: 80
B37: جودة الكود ومراجعة PR (1-10) | C37: العمليات | D37: ★ | E37: 15 | F37: 10
A38: مجموع الأوزان | E38: =SUM(E32:E37) -> 100
A39: المالية والمحاسبة | B39: الفواتير المحصّلة في الموعد % | C39: الأثر | D39: ↑ | E39: 25 | F39: 90
B40: دقة التقارير المالية % | C40: الجودة | D40: ↑ | E40: 20 | F40: 98
B41: الإقفال الشهري في الموعد % | C41: المخرجات | D41: ↑ | E41: 20 | F41: 100
B42: انحراف الميزانية % | C42: الأثر | D42: ↓ | E42: 15 | F42: 5
B43: معالجة الرواتب بلا أخطاء % | C43: العمليات | D43: ↑ | E43: 10 | F43: 100
B44: الالتزام الزكوي في الموعد % | C44: الالتزام | D44: ↑ | E44: 10 | F44: 100
A45: مجموع الأوزان | E45: =SUM(E39:E44) -> 100

Sheet التسويق والمبيعات
A1: بطاقة مؤشرات الأداء — التسويق بالمحتوى والمبيعات | المجموع 100 نقطة · صفر على الحضور
A2: # | B2: اسم الموظف | C2: المبيعات المنسوبة للمحتوى (ر.س) | D2: عدد المقاطع المنشورة | E2: مبيعات لكل 1000 مشاهدة | F2: معدل الطلبات لكل مقطع | G2: المتابعون الجدد | H2: متوسط قيمة الطلب (ر.س) | I2: د1 | J2: د2 | K2: د3 | L2: د4 | M2: د5 | N2: د6 | O2: الإجمالي | P2: النتيجة
B3: الهدف ← | → الوزن | C3: ='دليل المؤشرات'!F4 -> 60000 | D3: ='دليل المؤشرات'!F5 -> 90 | E3: ='دليل المؤشرات'!F6 -> 50 | F3: ='دليل المؤشرات'!F7 -> 9 | G3: ='دليل المؤشرات'!F8 -> 5000 | H3: ='دليل المؤشرات'!F9 -> 155 | I3: ='دليل المؤشرات'!E4 -> 30 | J3: ='دليل المؤشرات'!E5 -> 20 | K3: ='دليل المؤشرات'!E6 -> 15 | L3: ='دليل المؤشرات'!E7 -> 15 | M3: ='دليل المؤشرات'!E8 -> 10 | N3: ='دليل المؤشرات'!E9 -> 10 | O3: 100
A4: 1 | B4: فهد القحطاني | C4: 61754 | D4: 80 | E4: 49 | F4: 9.4 | G4: 4560 | H4: 137 | I4: =IF($B4="","",IF(C4="","",IFERROR(ROUND(IF('دليل المؤشرات'!$D$4="↓",MIN('دليل المؤشرات'!$F$4/C4,1),IF('دليل المؤشرات'!$D$4="★",C4/10,MIN(C4/'دليل المؤشرات'!$F$4,1)))*'دليل المؤشرات'!$E$4,1),0))) -> 30 | J4: =IF($B4="","",IF(D4="","",IFERROR(ROUND(IF('دليل المؤشرات'!$D$5="↓",MIN('دليل المؤشرات'!$F$5/D4,1),IF('دليل المؤشرات'!$D$5="★",D4/10,MIN(D4/'دليل المؤشرات'!$F$5,1)))*'دليل المؤشرات'!$E$5,1),0))) -> 17.8 | K4: =IF($B4="","",IF(E4="","",IFERROR(ROUND(IF('دليل المؤشرات'!$D$6="↓",MIN('دليل المؤشرات'!$F$6/E4,1),IF('دليل المؤشرات'!$D$6="★",E4/10,MIN(E4/'دليل المؤشرات'!$F$6,1)))*'دليل المؤشرات'!$E$6,1),0))) -> 14.7 | L4: =IF($B4="","",IF(F4="","",IFERROR(ROUND(IF('دليل المؤشرات'!$D$7="↓",MIN('دليل المؤشرات'!$F$7/F4,1),IF('دليل المؤشرات'!$D$7="★",F4/10,MIN(F4/'دليل المؤشرات'!$F$7,1)))*'دليل المؤشرات'!$E$7,1),0))) -> 15 | M4: =IF($B4="","",IF(G4="","",IFERROR(ROUND(IF('دليل المؤشرات'!$D$8="↓",MIN('دليل المؤشرات'!$F$8/G4,1),IF('دليل المؤشرات'!$D$8="★",G4/10,MIN(G4/'دليل المؤشرات'!$F$8,1)))*'دليل المؤشرات'!$E$8,1),0))) -> 9.1 | N4: =IF($B4="","",IF(H4="","",IFERROR(ROUND(IF('دليل المؤشرات'!$D$9="↓",MIN('دليل المؤشرات'!$F$9/H4,1),IF('دليل المؤشرات'!$D$9="★",H4/10,MIN(H4/'دليل المؤشرات'!$F$9,1)))*'دليل المؤشرات'!$E$9,1),0))) -> 8.8 | O4: =IF(B4="","",ROUND(SUM(I4:N4),1)) -> 95.4 | P4: =IF(O4="","",IF(O4>=90,"أداء متميز",IF(O4>=75,"يفوق التوقعات",IF(O4>=60,"يلبّي التوقعات",IF(O4>=45,"يحتاج تطوير","غير مُرضٍ"))))) -> أداء متميز
A5: 2 | B5: هند القحطاني | C5: 43805 | D5: 70 | E5: 35 | F5: 7 | G5: 4195 | H5: 122 | I5: =IF($B5="","",IF(C5="","",IFERROR(ROUND(IF('دليل المؤشرات'!$D$4="↓",MIN('دليل المؤشرات'!$F$4/C5,1),IF('دليل المؤشرات'!$D$4="★",C5/10,MIN(C5/'دليل المؤشرات'!$F$4,1)))*'دليل المؤشرات'!$E$4,1),0))) -> 21.9 | J5: =IF($B5="","",IF(D5="","",IFERROR(ROUND(IF('دليل المؤشرات'!$D$5="↓",MIN('دليل المؤشرات'!$F$5/D5,1),IF('دليل المؤشرات'!$D$5="★",D5/10,MIN(D5/'دليل المؤشرات'!$F$5,1)))*'دليل المؤشرات'!$E$5,1),0))) -> 15.6 | K5: =IF($B5="","",IF(E5="","",IFERROR(ROUND(IF('دليل المؤشرات'!$D$6="↓",MIN('دليل المؤشرات'!$F$6/E5,1),IF('دليل المؤشرات'!$D$6="★",E5/10,MIN(E5/'دليل المؤشرات'!$F$6,1)))*'دليل المؤشرات'!$E$6,1),0))) -> 10.5 | L5: =IF($B5="","",IF(F5="","",IFERROR(ROUND(IF('دليل المؤشرات'!$D$7="↓",MIN('دليل المؤشرات'!$F$7/F5,1),IF('دليل المؤشرات'!$D$7="★",F5/10,MIN(F5/'دليل المؤشرات'!$F$7,1)))*'دليل المؤشرات'!$E$7,1),0))) -> 11.7 | M5: =IF($B5="","",IF(G5="","",IFERROR(ROUND(IF('دليل المؤشرات'!$D$8="↓",MIN('دليل المؤشرات'!$F$8/G5,1),IF('دليل المؤشرات'!$D$8="★",G5/10,MIN(G5/'دليل المؤشرات'!$F$8,1)))*'دليل المؤشرات'!$E$8,1),0))) -> 8.4 | N5: =IF($B5="","",IF(H5="","",IFERROR(ROUND(IF('دليل المؤشرات'!$D$9="↓",MIN('دليل المؤشرات'!$F$9/H5,1),IF('دليل المؤشرات'!$D$9="★",H5/10,MIN(H5/'دليل المؤشرات'!$F$9,1)))*'دليل المؤشرات'!$E$9,1),0))) -> 7.9 | O5: =IF(B5="","",ROUND(SUM(I5:N5),1)) -> 76 | P5: =IF(O5="","",IF(O5>=90,"أداء متميز",IF(O5>=75,"يفوق التوقعات",IF(O5>=60,"يلبّي التوقعات",IF(O5>=45,"يحتاج تطوير","غير مُرضٍ"))))) -> يفوق التوقعات
A6: 3 | B6: رغد المطيري | C6: 42146 | D6: 66 | E6: 39 | F6: 6.4 | G6: 3797 | H6: 121 | I6: =IF($B6="","",IF(C6="","",IFERROR(ROUND(IF('دليل المؤشرات'!$D$4="↓",MIN('دليل المؤشرات'!$F$4/C6,1),IF('دليل المؤشرات'!$D$4="★",C6/10,MIN(C6/'دليل المؤشرات'!$F$4,1)))*'دليل المؤشرات'!$E$4,1),0))) -> 21.1 | J6: =IF($B6="","",IF(D6="","",IFERROR(ROUND(IF('دليل المؤشرات'!$D$5="↓",MIN('دليل المؤشرات'!$F$5/D6,1),IF('دليل المؤشرات'!$D$5="★",D6/10,MIN(D6/'دليل المؤشرات'!$F$5,1)))*'دليل المؤشرات'!$E$5,1),0))) -> 14.7 | K6: =IF($B6="","",IF(E6="","",IFERROR(ROUND(IF('دليل المؤشرات'!$D$6="↓",MIN('دليل المؤشرات'!$F$6/E6,1),IF('دليل المؤشرات'!$D$6="★",E6/10,MIN(E6/'دليل المؤشرات'!$F$6,1)))*'دليل المؤشرات'!$E$6,1),0))) -> 11.7 | L6: =IF($B6="","",IF(F6="","",IFERROR(ROUND(IF('دليل المؤشرات'!$D$7="↓",MIN('دليل المؤشرات'!$F$7/F6,1),IF('دليل المؤشرات'!$D$7="★",F6/10,MIN(F6/'دليل المؤشرات'!$F$7,1)))*'دليل المؤشرات'!$E$7,1),0))) -> 10.7 | M6: =IF($B6="","",IF(G6="","",IFERROR(ROUND(IF('دليل المؤشرات'!$D$8="↓",MIN('دليل المؤشرات'!$F$8/G6,1),IF('دليل المؤشرات'!$D$8="★",G6/10,MIN(G6/'دليل المؤشرات'!$F$8,1)))*'دليل المؤشرات'!$E$8,1),0))) -> 7.6 | N6: =IF($B6="","",IF(H6="","",IFERROR(ROUND(IF('دليل المؤشرات'!$D$9="↓",MIN('دليل المؤشرات'!$F$9/H6,1),IF('دليل المؤشرات'!$D$9="★",H6/10,MIN(H6/'دليل المؤشرات'!$F$9,1)))*'دليل المؤشرات'!$E$9,1),0))) -> 7.8 | O6: =IF(B6="","",ROUND(SUM(I6:N6),1)) -> 73.6 | P6: =IF(O6="","",IF(O6>=90,"أداء متميز",IF(O6>=75,"يفوق التوقعات",IF(O6>=60,"يلبّي التوقعات",IF(O6>=45,"يحتاج تطوير","غير مُرضٍ"))))) -> يلبّي التوقعات
A7: 4 | B7: وعد البقمي | C7: 48117 | D7: 74 | E7: 36 | F7: 7.2 | G7: 3715 | H7: 113 | I7: =IF($B7="","",IF(C7="","",IFERROR(ROUND(IF('دليل المؤشرات'!$D$4="↓",MIN('دليل المؤشرات'!$F$4/C7,1),IF('دليل المؤشرات'!$D$4="★",C7/10,MIN(C7/'دليل المؤشرات'!$F$4,1)))*'دليل المؤشرات'!$E$4,1),0))) -> 24.1 | J7: =IF($B7="","",IF(D7="","",IFERROR(ROUND(IF('دليل المؤشرات'!$D$5="↓",MIN('دليل المؤشرات'!$F$5/D7,1),IF('دليل المؤشرات'!$D$5="★",D7/10,MIN(D7/'دليل المؤشرات'!$F$5,1)))*'دليل المؤشرات'!$E$5,1),0))) -> 16.4 | K7: =IF($B7="","",IF(E7="","",IFERROR(ROUND(IF('دليل المؤشرات'!$D$6="↓",MIN('دليل المؤشرات'!$F$6/E7,1),IF('دليل المؤشرات'!$D$6="★",E7/10,MIN(E7/'دليل المؤشرات'!$F$6,1)))*'دليل المؤشرات'!$E$6,1),0))) -> 10.8 | L7: =IF($B7="","",IF(F7="","",IFERROR(ROUND(IF('دليل المؤشرات'!$D$7="↓",MIN('دليل المؤشرات'!$F$7/F7,1),IF('دليل المؤشرات'!$D$7="★",F7/10,MIN(F7/'دليل المؤشرات'!$F$7,1)))*'دليل المؤشرات'!$E$7,1),0))) -> 12 | M7: =IF($B7="","",IF(G7="","",IFERROR(ROUND(IF('دليل المؤشرات'!$D$8="↓",MIN('دليل المؤشرات'!$F$8/G7,1),IF('دليل المؤشرات'!$D$8="★",G7/10,MIN(G7/'دليل المؤشرات'!$F$8,1)))*'دليل المؤشرات'!$E$8,1),0))) -> 7.4 | N7: =IF($B7="","",IF(H7="","",IFERROR(ROUND(IF('دليل المؤشرات'!$D$9="↓",MIN('دليل المؤشرات'!$F$9/H7,1),IF('دليل المؤشرات'!$D$9="★",H7/10,MIN(H7/'دليل المؤشرات'!$F$9,1)))*'دليل المؤشرات'!$E$9,1),0))) -> 7.3 | O7: =IF(B7="","",ROUND(SUM(I7:N7),1)) -> 78 | P7: =IF(O7="","",IF(O7>=90,"أداء متميز",IF(O7>=75,"يفوق التوقعات",IF(O7>=60,"يلبّي التوقعات",IF(O7>=45,"يحتاج تطوير","غير مُرضٍ"))))) -> يفوق التوقعات
A8: 5 | B8: بيان الغامدي | C8: 46339 | D8: 70 | E8: 41 | F8: 6.9 | G8: 4192 | H8: 116 | I8: =IF($B8="","",IF(C8="","",IFERROR(ROUND(IF('دليل المؤشرات'!$D$4="↓",MIN('دليل المؤشرات'!$F$4/C8,1),IF('دليل المؤشرات'!$D$4="★",C8/10,MIN(C8/'دليل المؤشرات'!$F$4,1)))*'دليل المؤشرات'!$E$4,1),0))) -> 23.2 | J8: =IF($B8="","",IF(D8="","",IFERROR(ROUND(IF('دليل المؤشرات'!$D$5="↓",MIN('دليل المؤشرات'!$F$5/D8,1),IF('دليل المؤشرات'!$D$5="★",D8/10,MIN(D8/'دليل المؤشرات'!$F$5,1)))*'دليل المؤشرات'!$E$5,1),0))) -> 15.6 | K8: =IF($B8="","",IF(E8="","",IFERROR(ROUND(IF('دليل المؤشرات'!$D$6="↓",MIN('دليل المؤشرات'!$F$6/E8,1),IF('دليل المؤشرات'!$D$6="★",E8/10,MIN(E8/'دليل المؤشرات'!$F$6,1)))*'دليل المؤشرات'!$E$6,1),0))) -> 12.3 | L8: =IF($B8="","",IF(F8="","",IFERROR(ROUND(IF('دليل المؤشرات'!$D$7="↓",MIN('دليل المؤشرات'!$F$7/F8,1),IF('دليل المؤشرات'!$D$7="★",F8/10,MIN(F8/'دليل المؤشرات'!$F$7,1)))*'دليل المؤشرات'!$E$7,1),0))) -> 11.5 | M8: =IF($B8="","",IF(G8="","",IFERROR(ROUND(IF('دليل المؤشرات'!$D$8="↓",MIN('دليل المؤشرات'!$F$8/G8,1),IF('دليل المؤشرات'!$D$8="★",G8/10,MIN(G8/'دليل المؤشرات'!$F$8,1)))*'دليل المؤشرات'!$E$8,1),0))) -> 8.4 | N8: =IF($B8="","",IF(H8="","",IFERROR(ROUND(IF('دليل المؤشرات'!$D$9="↓",MIN('دليل المؤشرات'!$F$9/H8,1),IF('دليل المؤشرات'!$D$9="★",H8/10,MIN(H8/'دليل المؤشرات'!$F$9,1)))*'دليل المؤشرات'!$E$9,1),0))) -> 7.5 | O8: =IF(B8="","",ROUND(SUM(I8:N8),1)) -> 78.5 | P8: =IF(O8="","",IF(O8>=90,"أداء متميز",IF(O8>=75,"يفوق التوقعات",IF(O8>=60,"يلبّي التوقعات",IF(O8>=45,"يحتاج تطوير","غير مُرضٍ"))))) -> يفوق التوقعات
A9: 6 | B9: عبدالرحمن الحربي | C9: 39043 | D9: 53 | E9: 32 | F9: 5.7 | G9: 3364 | H9: 101 | I9: =IF($B9="","",IF(C9="","",IFERROR(ROUND(IF('دليل المؤشرات'!$D$4="↓",MIN('دليل المؤشرات'!$F$4/C9,1),IF('دليل المؤشرات'!$D$4="★",C9/10,MIN(C9/'دليل المؤشرات'!$F$4,1)))*'دليل المؤشرات'!$E$4,1),0))) -> 19.5 | J9: =IF($B9="","",IF(D9="","",IFERROR(ROUND(IF('دليل المؤشرات'!$D$5="↓",MIN('دليل المؤشرات'!$F$5/D9,1),IF('دليل المؤشرات'!$D$5="★",D9/10,MIN(D9/'دليل المؤشرات'!$F$5,1)))*'دليل المؤشرات'!$E$5,1),0))) -> 11.8 | K9: =IF($B9="","",IF(E9="","",IFERROR(ROUND(IF('دليل المؤشرات'!$D$6="↓",MIN('دليل المؤشرات'!$F$6/E9,1),IF('دليل المؤشرات'!$D$6="★",E9/10,MIN(E9/'دليل المؤشرات'!$F$6,1)))*'دليل المؤشرات'!$E$6,1),0))) -> 9.6 | L9: =IF($B9="","",IF(F9="","",IFERROR(ROUND(IF('دليل المؤشرات'!$D$7="↓",MIN('دليل المؤشرات'!$F$7/F9,1),IF('دليل المؤشرات'!$D$7="★",F9/10,MIN(F9/'دليل المؤشرات'!$F$7,1)))*'دليل المؤشرات'!$E$7,1),0))) -> 9.5 | M9: =IF($B9="","",IF(G9="","",IFERROR(ROUND(IF('دليل المؤشرات'!$D$8="↓",MIN('دليل المؤشرات'!$F$8/G9,1),IF('دليل المؤشرات'!$D$8="★",G9/10,MIN(G9/'دليل المؤشرات'!$F$8,1)))*'دليل المؤشرات'!$E$8,1),0))) -> 6.7 | N9: =IF($B9="","",IF(H9="","",IFERROR(ROUND(IF('دليل المؤشرات'!$D$9="↓",MIN('دليل المؤشرات'!$F$9/H9,1),IF('دليل المؤشرات'!$D$9="★",H9/10,MIN(H9/'دليل المؤشرات'!$F$9,1)))*'دليل المؤشرات'!$E$9,1),0))) -> 6.5 | O9: =IF(B9="","",ROUND(SUM(I9:N9),1)) -> 63.6 | P9: =IF(O9="","",IF(O9>=90,"أداء متميز",IF(O9>=75,"يفوق التوقعات",IF(O9>=60,"يلبّي التوقعات",IF(O9>=45,"يحتاج تطوير","غير مُرضٍ"))))) -> يلبّي التوقعات
A10: 7 | B10: ماجد الجهني | C10: 42346 | D10: 68 | E10: 33 | F10: 6.4 | G10: 3257 | H10: 115 | I10: =IF($B10="","",IF(C10="","",IFERROR(ROUND(IF('دليل المؤشرات'!$D$4="↓",MIN('دليل المؤشرات'!$F$4/C10,1),IF('دليل المؤشرات'!$D$4="★",C10/10,MIN(C10/'دليل المؤشرات'!$F$4,1)))*'دليل المؤشرات'!$E$4,1),0))) -> 21.2 | J10: =IF($B10="","",IF(D10="","",IFERROR(ROUND(IF('دليل المؤشرات'!$D$5="↓",MIN('دليل المؤشرات'!$F$5/D10,1),IF('دليل المؤشرات'!$D$5="★",D10/10,MIN(D10/'دليل المؤشرات'!$F$5,1)))*'دليل المؤشرات'!$E$5,1),0))) -> 15.1 | K10: =IF($B10="","",IF(E10="","",IFERROR(ROUND(IF('دليل المؤشرات'!$D$6="↓",MIN('دليل المؤشرات'!$F$6/E10,1),IF('دليل المؤشرات'!$D$6="★",E10/10,MIN(E10/'دليل المؤشرات'!$F$6,1)))*'دليل المؤشرات'!$E$6,1),0))) -> 9.9 | L10: =IF($B10="","",IF(F10="","",IFERROR(ROUND(IF('دليل المؤشرات'!$D$7="↓",MIN('دليل المؤشرات'!$F$7/F10,1),IF('دليل المؤشرات'!$D$7="★",F10/10,MIN(F10/'دليل المؤشرات'!$F$7,1)))*'دليل المؤشرات'!$E$7,1),0))) -> 10.7 | M10: =IF($B10="","",IF(G10="","",IFERROR(ROUND(IF('دليل المؤشرات'!$D$8="↓",MIN('دليل المؤشرات'!$F$8/G10,1),IF('دليل المؤشرات'!$D$8="★",G10/10,MIN(G10/'دليل المؤشرات'!$F$8,1)))*'دليل المؤشرات'!$E$8,1),0))) -> 6.5 | N10: =IF($B10="","",IF(H10="","",IFERROR(ROUND(IF('دليل المؤشرات'!$D$9="↓",MIN('دليل المؤشرات'!$F$9/H10,1),IF('دليل المؤشرات'!$D$9="★",H10/10,MIN(H10/'دليل المؤشرات'!$F$9,1)))*'دليل المؤشرات'!$E$9,1),0))) -> 7.4 | O10: =IF(B10="","",ROUND(SUM(I10:N10),1)) -> 70.8 | P10: =IF(O10="","",IF(O10>=90,"أداء متميز",IF(O10>=75,"يفوق التوقعات",IF(O10>=60,"يلبّي التوقعات",IF(O10>=45,"يحتاج تطوير","غير مُرضٍ"))))) -> يلبّي التوقعات
A11: 8 | B11: مها الخالدي | C11: 66325 | D11: 100 | E11: 51 | F11: 9.1 | G11: 5222 | H11: 172 | I11: =IF($B11="","",IF(C11="","",IFERROR(ROUND(IF('دليل المؤشرات'!$D$4="↓",MIN('دليل المؤشرات'!$F$4/C11,1),IF('دليل المؤشرات'!$D$4="★",C11/10,MIN(C11/'دليل المؤشرات'!$F$4,1)))*'دليل المؤشرات'!$E$4,1),0))) -> 30 | J11: =IF($B11="","",IF(D11="","",IFERROR(ROUND(IF('دليل المؤشرات'!$D$5="↓",MIN('دليل المؤشرات'!$F$5/D11,1),IF('دليل المؤشرات'!$D$5="★",D11/10,MIN(D11/'دليل المؤشرات'!$F$5,1)))*'دليل المؤشرات'!$E$5,1),0))) -> 20 | K11: =IF($B11="","",IF(E11="","",IFERROR(ROUND(IF('دليل المؤشرات'!$D$6="↓",MIN('دليل المؤشرات'!$F$6/E11,1),IF('دليل المؤشرات'!$D$6="★",E11/10,MIN(E11/'دليل المؤشرات'!$F$6,1)))*'دليل المؤشرات'!$E$6,1),0))) -> 15 | L11: =IF($B11="","",IF(F11="","",IFERROR(ROUND(IF('دليل المؤشرات'!$D$7="↓",MIN('دليل المؤشرات'!$F$7/F11,1),IF('دليل المؤشرات'!$D$7="★",F11/10,MIN(F11/'دليل المؤشرات'!$F$7,1)))*'دليل المؤشرات'!$E$7,1),0))) -> 15 | M11: =IF($B11="","",IF(G11="","",IFERROR(ROUND(IF('دليل المؤشرات'!$D$8="↓",MIN('دليل المؤشرات'!$F$8/G11,1),IF('دليل المؤشرات'!$D$8="★",G11/10,MIN(G11/'دليل المؤشرات'!$F$8,1)))*'دليل المؤشرات'!$E$8,1),0))) -> 10 | N11: =IF($B11="","",IF(H11="","",IFERROR(ROUND(IF('دليل المؤشرات'!$D$9="↓",MIN('دليل المؤشرات'!$F$9/H11,1),IF('دليل المؤشرات'!$D$9="★",H11/10,MIN(H11/'دليل المؤشرات'!$F$9,1)))*'دليل المؤشرات'!$E$9,1),0))) -> 10 | O11: =IF(B11="","",ROUND(SUM(I11:N11),1)) -> 100 | P11: =IF(O11="","",IF(O11>=90,"أداء متميز",IF(O11>=75,"يفوق التوقعات",IF(O11>=60,"يلبّي التوقعات",IF(O11>=45,"يحتاج تطوير","غير مُرضٍ"))))) -> أداء متميز
A12: 9 | B12: مشعل العنزي | C12: 55031 | D12: 73 | E12: 46 | F12: 7.6 | G12: 4481 | H12: 142 | I12: =IF($B12="","",IF(C12="","",IFERROR(ROUND(IF('دليل المؤشرات'!$D$4="↓",MIN('دليل المؤشرات'!$F$4/C12,1),IF('دليل المؤشرات'!$D$4="★",C12/10,MIN(C12/'دليل المؤشرات'!$F$4,1)))*'دليل المؤشرات'!$E$4,1),0))) -> 27.5 | J12: =IF($B12="","",IF(D12="","",IFERROR(ROUND(IF('دليل المؤشرات'!$D$5="↓",MIN('دليل المؤشرات'!$F$5/D12,1),IF('دليل المؤشرات'!$D$5="★",D12/10,MIN(D12/'دليل المؤشرات'!$F$5,1)))*'دليل المؤشرات'!$E$5,1),0))) -> 16.2 | K12: =IF($B12="","",IF(E12="","",IFERROR(ROUND(IF('دليل المؤشرات'!$D$6="↓",MIN('دليل المؤشرات'!$F$6/E12,1),IF('دليل المؤشرات'!$D$6="★",E12/10,MIN(E12/'دليل المؤشرات'!$F$6,1)))*'دليل المؤشرات'!$E$6,1),0))) -> 13.8 | L12: =IF($B12="","",IF(F12="","",IFERROR(ROUND(IF('دليل المؤشرات'!$D$7="↓",MIN('دليل المؤشرات'!$F$7/F12,1),IF('دليل المؤشرات'!$D$7="★",F12/10,MIN(F12/'دليل المؤشرات'!$F$7,1)))*'دليل المؤشرات'!$E$7,1),0))) -> 12.7 | M12: =IF($B12="","",IF(G12="","",IFERROR(ROUND(IF('دليل المؤشرات'!$D$8="↓",MIN('دليل المؤشرات'!$F$8/G12,1),IF('دليل المؤشرات'!$D$8="★",G12/10,MIN(G12/'دليل المؤشرات'!$F$8,1)))*'دليل المؤشرات'!$E$8,1),0))) -> 9 | N12: =IF($B12="","",IF(H12="","",IFERROR(ROUND(IF('دليل المؤشرات'!$D$9="↓",MIN('دليل المؤشرات'!$F$9/H12,1),IF('دليل المؤشرات'!$D$9="★",H12/10,MIN(H12/'دليل المؤشرات'!$F$9,1)))*'دليل المؤشرات'!$E$9,1),0))) -> 9.2 | O12: =IF(B12="","",ROUND(SUM(I12:N12),1)) -> 88.4 | P12: =IF(O12="","",IF(O12>=90,"أداء متميز",IF(O12>=75,"يفوق التوقعات",IF(O12>=60,"يلبّي التوقعات",IF(O12>=45,"يحتاج تطوير","غير مُرضٍ"))))) -> يفوق التوقعات
A13: 10 | B13: أمل البقمي | C13: 53133 | D13: 82 | E13: 41 | F13: 8.3 | G13: 4121 | H13: 134 | I13: =IF($B13="","",IF(C13="","",IFERROR(ROUND(IF('دليل المؤشرات'!$D$4="↓",MIN('دليل المؤشرات'!$F$4/C13,1),IF('دليل المؤشرات'!$D$4="★",C13/10,MIN(C13/'دليل المؤشرات'!$F$4,1)))*'دليل المؤشرات'!$E$4,1),0))) -> 26.6 | J13: =IF($B13="","",IF(D13="","",IFERROR(ROUND(IF('دليل المؤشرات'!$D$5="↓",MIN('دليل المؤشرات'!$F$5/D13,1),IF('دليل المؤشرات'!$D$5="★",D13/10,MIN(D13/'دليل المؤشرات'!$F$5,1)))*'دليل المؤشرات'!$E$5,1),0))) -> 18.2 | K13: =IF($B13="","",IF(E13="","",IFERROR(ROUND(IF('دليل المؤشرات'!$D$6="↓",MIN('دليل المؤشرات'!$F$6/E13,1),IF('دليل المؤشرات'!$D$6="★",E13/10,MIN(E13/'دليل المؤشرات'!$F$6,1)))*'دليل المؤشرات'!$E$6,1),0))) -> 12.3 | L13: =IF($B13="","",IF(F13="","",IFERROR(ROUND(IF('دليل المؤشرات'!$D$7="↓",MIN('دليل المؤشرات'!$F$7/F13,1),IF('دليل المؤشرات'!$D$7="★",F13/10,MIN(F13/'دليل المؤشرات'!$F$7,1)))*'دليل المؤشرات'!$E$7,1),0))) -> 13.8 | M13: =IF($B13="","",IF(G13="","",IFERROR(ROUND(IF('دليل المؤشرات'!$D$8="↓",MIN('دليل المؤشرات'!$F$8/G13,1),IF('دليل المؤشرات'!$D$8="★",G13/10,MIN(G13/'دليل المؤشرات'!$F$8,1)))*'دليل المؤشرات'!$E$8,1),0))) -> 8.2 | N13: =IF($B13="","",IF(H13="","",IFERROR(ROUND(IF('دليل المؤشرات'!$D$9="↓",MIN('دليل المؤشرات'!$F$9/H13,1),IF('دليل المؤشرات'!$D$9="★",H13/10,MIN(H13/'دليل المؤشرات'!$F$9,1)))*'دليل المؤشرات'!$E$9,1),0))) -> 8.6 | O13: =IF(B13="","",ROUND(SUM(I13:N13),1)) -> 87.7 | P13: =IF(O13="","",IF(O13>=90,"أداء متميز",IF(O13>=75,"يفوق التوقعات",IF(O13>=60,"يلبّي التوقعات",IF(O13>=45,"يحتاج تطوير","غير مُرضٍ"))))) -> يفوق التوقعات
A14: 11 | B14: وليد الشمري | C14: 44714 | D14: 63 | E14: 39 | F14: 6.4 | G14: 3319 | H14: 108 | I14: =IF($B14="","",IF(C14="","",IFERROR(ROUND(IF('دليل المؤشرات'!$D$4="↓",MIN('دليل المؤشرات'!$F$4/C14,1),IF('دليل المؤشرات'!$D$4="★",C14/10,MIN(C14/'دليل المؤشرات'!$F$4,1)))*'دليل المؤشرات'!$E$4,1),0))) -> 22.4 | J14: =IF($B14="","",IF(D14="","",IFERROR(ROUND(IF('دليل المؤشرات'!$D$5="↓",MIN('دليل المؤشرات'!$F$5/D14,1),IF('دليل المؤشرات'!$D$5="★",D14/10,MIN(D14/'دليل المؤشرات'!$F$5,1)))*'دليل المؤشرات'!$E$5,1),0))) -> 14 | K14: =IF($B14="","",IF(E14="","",IFERROR(ROUND(IF('دليل المؤشرات'!$D$6="↓",MIN('دليل المؤشرات'!$F$6/E14,1),IF('دليل المؤشرات'!$D$6="★",E14/10,MIN(E14/'دليل المؤشرات'!$F$6,1)))*'دليل المؤشرات'!$E$6,1),0))) -> 11.7 | L14: =IF($B14="","",IF(F14="","",IFERROR(ROUND(IF('دليل المؤشرات'!$D$7="↓",MIN('دليل المؤشرات'!$F$7/F14,1),IF('دليل المؤشرات'!$D$7="★",F14/10,MIN(F14/'دليل المؤشرات'!$F$7,1)))*'دليل المؤشرات'!$E$7,1),0))) -> 10.7 | M14: =IF($B14="","",IF(G14="","",IFERROR(ROUND(IF('دليل المؤشرات'!$D$8="↓",MIN('دليل المؤشرات'!$F$8/G14,1),IF('دليل المؤشرات'!$D$8="★",G14/10,MIN(G14/'دليل المؤشرات'!$F$8,1)))*'دليل المؤشرات'!$E$8,1),0))) -> 6.6 | N14: =IF($B14="","",IF(H14="","",IFERROR(ROUND(IF('دليل المؤشرات'!$D$9="↓",MIN('دليل المؤشرات'!$F$9/H14,1),IF('دليل المؤشرات'!$D$9="★",H14/10,MIN(H14/'دليل المؤشرات'!$F$9,1)))*'دليل المؤشرات'!$E$9,1),0))) -> 7 | O14: =IF(B14="","",ROUND(SUM(I14:N14),1)) -> 72.4 | P14: =IF(O14="","",IF(O14>=90,"أداء متميز",IF(O14>=75,"يفوق التوقعات",IF(O14>=60,"يلبّي التوقعات",IF(O14>=45,"يحتاج تطوير","غير مُرضٍ"))))) -> يلبّي التوقعات
A15: 12 | B15: مشعل الشمري | C15: 52617 | D15: 80 | E15: 39 | F15: 7.3 | G15: 4005 | H15: 138 | I15: =IF($B15="","",IF(C15="","",IFERROR(ROUND(IF('دليل المؤشرات'!$D$4="↓",MIN('دليل المؤشرات'!$F$4/C15,1),IF('دليل المؤشرات'!$D$4="★",C15/10,MIN(C15/'دليل المؤشرات'!$F$4,1)))*'دليل المؤشرات'!$E$4,1),0))) -> 26.3 | J15: =IF($B15="","",IF(D15="","",IFERROR(ROUND(IF('دليل المؤشرات'!$D$5="↓",MIN('دليل المؤشرات'!$F$5/D15,1),IF('دليل المؤشرات'!$D$5="★",D15/10,MIN(D15/'دليل المؤشرات'!$F$5,1)))*'دليل المؤشرات'!$E$5,1),0))) -> 17.8 | K15: =IF($B15="","",IF(E15="","",IFERROR(ROUND(IF('دليل المؤشرات'!$D$6="↓",MIN('دليل المؤشرات'!$F$6/E15,1),IF('دليل المؤشرات'!$D$6="★",E15/10,MIN(E15/'دليل المؤشرات'!$F$6,1)))*'دليل المؤشرات'!$E$6,1),0))) -> 11.7 | L15: =IF($B15="","",IF(F15="","",IFERROR(ROUND(IF('دليل المؤشرات'!$D$7="↓",MIN('دليل المؤشرات'!$F$7/F15,1),IF('دليل المؤشرات'!$D$7="★",F15/10,MIN(F15/'دليل المؤشرات'!$F$7,1)))*'دليل المؤشرات'!$E$7,1),0))) -> 12.2 | M15: =IF($B15="","",IF(G15="","",IFERROR(ROUND(IF('دليل المؤشرات'!$D$8="↓",MIN('دليل المؤشرات'!$F$8/G15,1),IF('دليل المؤشرات'!$D$8="★",G15/10,MIN(G15/'دليل المؤشرات'!$F$8,1)))*'دليل المؤشرات'!$E$8,1),0))) -> 8 | N15: =IF($B15="","",IF(H15="","",IFERROR(ROUND(IF('دليل المؤشرات'!$D$9="↓",MIN('دليل المؤشرات'!$F$9/H15,1),IF('دليل المؤشرات'!$D$9="★",H15/10,MIN(H15/'دليل المؤشرات'!$F$9,1)))*'دليل المؤشرات'!$E$9,1),0))) -> 8.9 | O15: =IF(B15="","",ROUND(SUM(I15:N15),1)) -> 84.9 | P15: =IF(O15="","",IF(O15>=90,"أداء متميز",IF(O15>=75,"يفوق التوقعات",IF(O15>=60,"يلبّي التوقعات",IF(O15>=45,"يحتاج تطوير","غير مُرضٍ"))))) -> يفوق التوقعات
... A21: 18 | B21: رزان الشهراني | C21: 46689 | D21: 68 | E21: 36 | F21: 7.4 | G21: 4094 | H21: 121 | I21: =IF($B21="","",IF(C21="","",IFERROR(ROUND(IF('دليل المؤشرات'!$D$4="↓",MIN('دليل المؤشرات'!$F$4/C21,1),IF('دليل المؤشرات'!$D$4="★",C21/10,MIN(C21/'دليل المؤشرات'!$F$4,1)))*'دليل المؤشرات'!$E$4,1),0))) -> 23.3 | J21: =IF($B21="","",IF(D21="","",IFERROR(ROUND(IF('دليل المؤشرات'!$D$5="↓",MIN('دليل المؤشرات'!$F$5/D21,1),IF('دليل المؤشرات'!$D$5="★",D21/10,MIN(D21/'دليل المؤشرات'!$F$5,1)))*'دليل المؤشرات'!$E$5,1),0))) -> 15.1 | K21: =IF($B21="","",IF(E21="","",IFERROR(ROUND(IF('دليل المؤشرات'!$D$6="↓",MIN('دليل المؤشرات'!$F$6/E21,1),IF('دليل المؤشرات'!$D$6="★",E21/10,MIN(E21/'دليل المؤشرات'!$F$6,1)))*'دليل المؤشرات'!$E$6,1),0))) -> 10.8 | L21: =IF($B21="","",IF(F21="","",IFERROR(ROUND(IF('دليل المؤشرات'!$D$7="↓",MIN('دليل المؤشرات'!$F$7/F21,1),IF('دليل المؤشرات'!$D$7="★",F21/10,MIN(F21/'دليل المؤشرات'!$F$7,1)))*'دليل المؤشرات'!$E$7,1),0))) -> 12.3 | M21: =IF($B21="","",IF(G21="","",IFERROR(ROUND(IF('دليل المؤشرات'!$D$8="↓",MIN('دليل المؤشرات'!$F$8/G21,1),IF('دليل المؤشرات'!$D$8="★",G21/10,MIN(G21/'دليل المؤشرات'!$F$8,1)))*'دليل المؤشرات'!$E$8,1),0))) -> 8.2 | N21: =IF($B21="","",IF(H21="","",IFERROR(ROUND(IF('دليل المؤشرات'!$D$9="↓",MIN('دليل المؤشرات'!$F$9/H21,1),IF('دليل المؤشرات'!$D$9="★",H21/10,MIN(H21/'دليل المؤشرات'!$F$9,1)))*'دليل المؤشرات'!$E$9,1),0))) -> 7.8 | O21: =IF(B21="","",ROUND(SUM(I21:N21),1)) -> 77.5 | P21: =IF(O21="","",IF(O21>=90,"أداء متميز",IF(O21>=75,"يفوق التوقعات",IF(O21>=60,"يلبّي التوقعات",IF(O21>=45,"يحتاج تطوير","غير مُرضٍ"))))) -> يفوق التوقعات
A22: 19 | I22: =IF($B22="","",IF(C22="","",IFERROR(ROUND(IF('دليل المؤشرات'!$D$4="↓",MIN('دليل المؤشرات'!$F$4/C22,1),IF('دليل المؤشرات'!$D$4="★",C22/10,MIN(C22/'دليل المؤشرات'!$F$4,1)))*'دليل المؤشرات'!$E$4,1),0))) | J22: =IF($B22="","",IF(D22="","",IFERROR(ROUND(IF('دليل المؤشرات'!$D$5="↓",MIN('دليل المؤشرات'!$F$5/D22,1),IF('دليل المؤشرات'!$D$5="★",D22/10,MIN(D22/'دليل المؤشرات'!$F$5,1)))*'دليل المؤشرات'!$E$5,1),0))) | K22: =IF($B22="","",IF(E22="","",IFERROR(ROUND(IF('دليل المؤشرات'!$D$6="↓",MIN('دليل المؤشرات'!$F$6/E22,1),IF('دليل المؤشرات'!$D$6="★",E22/10,MIN(E22/'دليل المؤشرات'!$F$6,1)))*'دليل المؤشرات'!$E$6,1),0))) | L22: =IF($B22="","",IF(F22="","",IFERROR(ROUND(IF('دليل المؤشرات'!$D$7="↓",MIN('دليل المؤشرات'!$F$7/F22,1),IF('دليل المؤشرات'!$D$7="★",F22/10,MIN(F22/'دليل المؤشرات'!$F$7,1)))*'دليل المؤشرات'!$E$7,1),0))) | M22: =IF($B22="","",IF(G22="","",IFERROR(ROUND(IF('دليل المؤشرات'!$D$8="↓",MIN('دليل المؤشرات'!$F$8/G22,1),IF('دليل المؤشرات'!$D$8="★",G22/10,MIN(G22/'دليل المؤشرات'!$F$8,1)))*'دليل المؤشرات'!$E$8,1),0))) | N22: =IF($B22="","",IF(H22="","",IFERROR(ROUND(IF('دليل المؤشرات'!$D$9="↓",MIN('دليل المؤشرات'!$F$9/H22,1),IF('دليل المؤشرات'!$D$9="★",H22/10,MIN(H22/'دليل المؤشرات'!$F$9,1)))*'دليل المؤشرات'!$E$9,1),0))) | O22: =IF(B22="","",ROUND(SUM(I22:N22),1)) | P22: =IF(O22="","",IF(O22>=90,"أداء متميز",IF(O22>=75,"يفوق التوقعات",IF(O22>=60,"يلبّي التوقعات",IF(O22>=45,"يحتاج تطوير","غير مُرضٍ")))))
A23: 20 | I23: =IF($B23="","",IF(C23="","",IFERROR(ROUND(IF('دليل المؤشرات'!$D$4="↓",MIN('دليل المؤشرات'!$F$4/C23,1),IF('دليل المؤشرات'!$D$4="★",C23/10,MIN(C23/'دليل المؤشرات'!$F$4,1)))*'دليل المؤشرات'!$E$4,1),0))) | J23: =IF($B23="","",IF(D23="","",IFERROR(ROUND(IF('دليل المؤشرات'!$D$5="↓",MIN('دليل المؤشرات'!$F$5/D23,1),IF('دليل المؤشرات'!$D$5="★",D23/10,MIN(D23/'دليل المؤشرات'!$F$5,1)))*'دليل المؤشرات'!$E$5,1),0))) | K23: =IF($B23="","",IF(E23="","",IFERROR(ROUND(IF('دليل المؤشرات'!$D$6="↓",MIN('دليل المؤشرات'!$F$6/E23,1),IF('دليل المؤشرات'!$D$6="★",E23/10,MIN(E23/'دليل المؤشرات'!$F$6,1)))*'دليل المؤشرات'!$E$6,1),0))) | L23: =IF($B23="","",IF(F23="","",IFERROR(ROUND(IF('دليل المؤشرات'!$D$7="↓",MIN('دليل المؤشرات'!$F$7/F23,1),IF('دليل المؤشرات'!$D$7="★",F23/10,MIN(F23/'دليل المؤشرات'!$F$7,1)))*'دليل المؤشرات'!$E$7,1),0))) | M23: =IF($B23="","",IF(G23="","",IFERROR(ROUND(IF('دليل المؤشرات'!$D$8="↓",MIN('دليل المؤشرات'!$F$8/G23,1),IF('دليل المؤشرات'!$D$8="★",G23/10,MIN(G23/'دليل المؤشرات'!$F$8,1)))*'دليل المؤشرات'!$E$8,1),0))) | N23: =IF($B23="","",IF(H23="","",IFERROR(ROUND(IF('دليل المؤشرات'!$D$9="↓",MIN('دليل المؤشرات'!$F$9/H23,1),IF('دليل المؤشرات'!$D$9="★",H23/10,MIN(H23/'دليل المؤشرات'!$F$9,1)))*'دليل المؤشرات'!$E$9,1),0))) | O23: =IF(B23="","",ROUND(SUM(I23:N23),1)) | P23: =IF(O23="","",IF(O23>=90,"أداء متميز",IF(O23>=75,"يفوق التوقعات",IF(O23>=60,"يلبّي التوقعات",IF(O23>=45,"يحتاج تطوير","غير مُرضٍ")))))
A24: 21 | I24: =IF($B24="","",IF(C24="","",IFERROR(ROUND(IF('دليل المؤشرات'!$D$4="↓",MIN('دليل المؤشرات'!$F$4/C24,1),IF('دليل المؤشرات'!$D$4="★",C24/10,MIN(C24/'دليل المؤشرات'!$F$4,1)))*'دليل المؤشرات'!$E$4,1),0))) | J24: =IF($B24="","",IF(D24="","",IFERROR(ROUND(IF('دليل المؤشرات'!$D$5="↓",MIN('دليل المؤشرات'!$F$5/D24,1),IF('دليل المؤشرات'!$D$5="★",D24/10,MIN(D24/'دليل المؤشرات'!$F$5,1)))*'دليل المؤشرات'!$E$5,1),0))) | K24: =IF($B24="","",IF(E24="","",IFERROR(ROUND(IF('دليل المؤشرات'!$D$6="↓",MIN('دليل المؤشرات'!$F$6/E24,1),IF('دليل المؤشرات'!$D$6="★",E24/10,MIN(E24/'دليل المؤشرات'!$F$6,1)))*'دليل المؤشرات'!$E$6,1),0))) | L24: =IF($B24="","",IF(F24="","",IFERROR(ROUND(IF('دليل المؤشرات'!$D$7="↓",MIN('دليل المؤشرات'!$F$7/F24,1),IF('دليل المؤشرات'!$D$7="★",F24/10,MIN(F24/'دليل المؤشرات'!$F$7,1)))*'دليل المؤشرات'!$E$7,1),0))) | M24: =IF($B24="","",IF(G24="","",IFERROR(ROUND(IF('دليل المؤشرات'!$D$8="↓",MIN('دليل المؤشرات'!$F$8/G24,1),IF('دليل المؤشرات'!$D$8="★",G24/10,MIN(G24/'دليل المؤشرات'!$F$8,1)))*'دليل المؤشرات'!$E$8,1),0))) | N24: =IF($B24="","",IF(H24="","",IFERROR(ROUND(IF('دليل المؤشرات'!$D$9="↓",MIN('دليل المؤشرات'!$F$9/H24,1),IF('دليل المؤشرات'!$D$9="★",H24/10,MIN(H24/'دليل المؤشرات'!$F$9,1)))*'دليل المؤشرات'!$E$9,1),0))) | O24: =IF(B24="","",ROUND(SUM(I24:N24),1)) | P24: =IF(O24="","",IF(O24>=90,"أداء متميز",IF(O24>=75,"يفوق التوقعات",IF(O24>=60,"يلبّي التوقعات",IF(O24>=45,"يحتاج تطوير","غير مُرضٍ")))))
A25: 22 | I25: =IF($B25="","",IF(C25="","",IFERROR(ROUND(IF('دليل المؤشرات'!$D$4="↓",MIN('دليل المؤشرات'!$F$4/C25,1),IF('دليل المؤشرات'!$D$4="★",C25/10,MIN(C25/'دليل المؤشرات'!$F$4,1)))*'دليل المؤشرات'!$E$4,1),0))) | J25: =IF($B25="","",IF(D25="","",IFERROR(ROUND(IF('دليل المؤشرات'!$D$5="↓",MIN('دليل المؤشرات'!$F$5/D25,1),IF('دليل المؤشرات'!$D$5="★",D25/10,MIN(D25/'دليل المؤشرات'!$F$5,1)))*'دليل المؤشرات'!$E$5,1),0))) | K25: =IF($B25="","",IF(E25="","",IFERROR(ROUND(IF('دليل المؤشرات'!$D$6="↓",MIN('دليل المؤشرات'!$F$6/E25,1),IF('دليل المؤشرات'!$D$6="★",E25/10,MIN(E25/'دليل المؤشرات'!$F$6,1)))*'دليل المؤشرات'!$E$6,1),0))) | L25: =IF($B25="","",IF(F25="","",IFERROR(ROUND(IF('دليل المؤشرات'!$D$7="↓",MIN('دليل المؤشرات'!$F$7/F25,1),IF('دليل المؤشرات'!$D$7="★",F25/10,MIN(F25/'دليل المؤشرات'!$F$7,1)))*'دليل المؤشرات'!$E$7,1),0))) | M25: =IF($B25="","",IF(G25="","",IFERROR(ROUND(IF('دليل المؤشرات'!$D$8="↓",MIN('دليل المؤشرات'!$F$8/G25,1),IF('دليل المؤشرات'!$D$8="★",G25/10,MIN(G25/'دليل المؤشرات'!$F$8,1)))*'دليل المؤشرات'!$E$8,1),0))) | N25: =IF($B25="","",IF(H25="","",IFERROR(ROUND(IF('دليل المؤشرات'!$D$9="↓",MIN('دليل المؤشرات'!$F$9/H25,1),IF('دليل المؤشرات'!$D$9="★",H25/10,MIN(H25/'دليل المؤشرات'!$F$9,1)))*'دليل المؤشرات'!$E$9,1),0))) | O25: =IF(B25="","",ROUND(SUM(I25:N25),1)) | P25: =IF(O25="","",IF(O25>=90,"أداء متميز",IF(O25>=75,"يفوق التوقعات",IF(O25>=60,"يلبّي التوقعات",IF(O25>=45,"يحتاج تطوير","غير مُرضٍ")))))
A26: 23 | I26: =IF($B26="","",IF(C26="","",IFERROR(ROUND(IF('دليل المؤشرات'!$D$4="↓",MIN('دليل المؤشرات'!$F$4/C26,1),IF('دليل المؤشرات'!$D$4="★",C26/10,MIN(C26/'دليل المؤشرات'!$F$4,1)))*'دليل المؤشرات'!$E$4,1),0))) | J26: =IF($B26="","",IF(D26="","",IFERROR(ROUND(IF('دليل المؤشرات'!$D$5="↓",MIN('دليل المؤشرات'!$F$5/D26,1),IF('دليل المؤشرات'!$D$5="★",D26/10,MIN(D26/'دليل المؤشرات'!$F$5,1)))*'دليل المؤشرات'!$E$5,1),0))) | K26: =IF($B26="","",IF(E26="","",IFERROR(ROUND(IF('دليل المؤشرات'!$D$6="↓",MIN('دليل المؤشرات'!$F$6/E26,1),IF('دليل المؤشرات'!$D$6="★",E26/10,MIN(E26/'دليل المؤشرات'!$F$6,1)))*'دليل المؤشرات'!$E$6,1),0))) | L26: =IF($B26="","",IF(F26="","",IFERROR(ROUND(IF('دليل المؤشرات'!$D$7="↓",MIN('دليل المؤشرات'!$F$7/F26,1),IF('دليل المؤشرات'!$D$7="★",F26/10,MIN(F26/'دليل المؤشرات'!$F$7,1)))*'دليل المؤشرات'!$E$7,1),0))) | M26: =IF($B26="","",IF(G26="","",IFERROR(ROUND(IF('دليل المؤشرات'!$D$8="↓",MIN('دليل المؤشرات'!$F$8/G26,1),IF('دليل المؤشرات'!$D$8="★",G26/10,MIN(G26/'دليل المؤشرات'!$F$8,1)))*'دليل المؤشرات'!$E$8,1),0))) | N26: =IF($B26="","",IF(H26="","",IFERROR(ROUND(IF('دليل المؤشرات'!$D$9="↓",MIN('دليل المؤشرات'!$F$9/H26,1),IF('دليل المؤشرات'!$D$9="★",H26/10,MIN(H26/'دليل المؤشرات'!$F$9,1)))*'دليل المؤشرات'!$E$9,1),0))) | O26: =IF(B26="","",ROUND(SUM(I26:N26),1)) | P26: =IF(O26="","",IF(O26>=90,"أداء متميز",IF(O26>=75,"يفوق التوقعات",IF(O26>=60,"يلبّي التوقعات",IF(O26>=45,"يحتاج تطوير","غير مُرضٍ")))))
A27: 24 | I27: =IF($B27="","",IF(C27="","",IFERROR(ROUND(IF('دليل المؤشرات'!$D$4="↓",MIN('دليل المؤشرات'!$F$4/C27,1),IF('دليل المؤشرات'!$D$4="★",C27/10,MIN(C27/'دليل المؤشرات'!$F$4,1)))*'دليل المؤشرات'!$E$4,1),0))) | J27: =IF($B27="","",IF(D27="","",IFERROR(ROUND(IF('دليل المؤشرات'!$D$5="↓",MIN('دليل المؤشرات'!$F$5/D27,1),IF('دليل المؤشرات'!$D$5="★",D27/10,MIN(D27/'دليل المؤشرات'!$F$5,1)))*'دليل المؤشرات'!$E$5,1),0))) | K27: =IF($B27="","",IF(E27="","",IFERROR(ROUND(IF('دليل المؤشرات'!$D$6="↓",MIN('دليل المؤشرات'!$F$6/E27,1),IF('دليل المؤشرات'!$D$6="★",E27/10,MIN(E27/'دليل المؤشرات'!$F$6,1)))*'دليل المؤشرات'!$E$6,1),0))) | L27: =IF($B27="","",IF(F27="","",IFERROR(ROUND(IF('دليل المؤشرات'!$D$7="↓",MIN('دليل المؤشرات'!$F$7/F27,1),IF('دليل المؤشرات'!$D$7="★",F27/10,MIN(F27/'دليل المؤشرات'!$F$7,1)))*'دليل المؤشرات'!$E$7,1),0))) | M27: =IF($B27="","",IF(G27="","",IFERROR(ROUND(IF('دليل المؤشرات'!$D$8="↓",MIN('دليل المؤشرات'!$F$8/G27,1),IF('دليل المؤشرات'!$D$8="★",G27/10,MIN(G27/'دليل المؤشرات'!$F$8,1)))*'دليل المؤشرات'!$E$8,1),0))) | N27: =IF($B27="","",IF(H27="","",IFERROR(ROUND(IF('دليل المؤشرات'!$D$9="↓",MIN('دليل المؤشرات'!$F$9/H27,1),IF('دليل المؤشرات'!$D$9="★",H27/10,MIN(H27/'دليل المؤشرات'!$F$9,1)))*'دليل المؤشرات'!$E$9,1),0))) | O27: =IF(B27="","",ROUND(SUM(I27:N27),1)) | P27: =IF(O27="","",IF(O27>=90,"أداء متميز",IF(O27>=75,"يفوق التوقعات",IF(O27>=60,"يلبّي التوقعات",IF(O27>=45,"يحتاج تطوير","غير مُرضٍ")))))
A28: 25 | I28: =IF($B28="","",IF(C28="","",IFERROR(ROUND(IF('دليل المؤشرات'!$D$4="↓",MIN('دليل المؤشرات'!$F$4/C28,1),IF('دليل المؤشرات'!$D$4="★",C28/10,MIN(C28/'دليل المؤشرات'!$F$4,1)))*'دليل المؤشرات'!$E$4,1),0))) | J28: =IF($B28="","",IF(D28="","",IFERROR(ROUND(IF('دليل المؤشرات'!$D$5="↓",MIN('دليل المؤشرات'!$F$5/D28,1),IF('دليل المؤشرات'!$D$5="★",D28/10,MIN(D28/'دليل المؤشرات'!$F$5,1)))*'دليل المؤشرات'!$E$5,1),0))) | K28: =IF($B28="","",IF(E28="","",IFERROR(ROUND(IF('دليل المؤشرات'!$D$6="↓",MIN('دليل المؤشرات'!$F$6/E28,1),IF('دليل المؤشرات'!$D$6="★",E28/10,MIN(E28/'دليل المؤشرات'!$F$6,1)))*'دليل المؤشرات'!$E$6,1),0))) | L28: =IF($B28="","",IF(F28="","",IFERROR(ROUND(IF('دليل المؤشرات'!$D$7="↓",MIN('دليل المؤشرات'!$F$7/F28,1),IF('دليل المؤشرات'!$D$7="★",F28/10,MIN(F28/'دليل المؤشرات'!$F$7,1)))*'دليل المؤشرات'!$E$7,1),0))) | M28: =IF($B28="","",IF(G28="","",IFERROR(ROUND(IF('دليل المؤشرات'!$D$8="↓",MIN('دليل المؤشرات'!$F$8/G28,1),IF('دليل المؤشرات'!$D$8="★",G28/10,MIN(G28/'دليل المؤشرات'!$F$8,1)))*'دليل المؤشرات'!$E$8,1),0))) | N28: =IF($B28="","",IF(H28="","",IFERROR(ROUND(IF('دليل المؤشرات'!$D$9="↓",MIN('دليل المؤشرات'!$F$9/H28,1),IF('دليل المؤشرات'!$D$9="★",H28/10,MIN(H28/'دليل المؤشرات'!$F$9,1)))*'دليل المؤشرات'!$E$9,1),0))) | O28: =IF(B28="","",ROUND(SUM(I28:N28),1)) | P28: =IF(O28="","",IF(O28>=90,"أداء متميز",IF(O28>=75,"يفوق التوقعات",IF(O28>=60,"يلبّي التوقعات",IF(O28>=45,"يحتاج تطوير","غير مُرضٍ")))))
B30: متوسط القسم (يتجاهل الصفوف الفارغة) | O30: =IFERROR(ROUND(AVERAGE(O4:O28),1),0) -> 80.4 | P30: =COUNTA(B4:B28)&" موظف" -> 18 موظف

Sheet استقطاب المواهب
A1: بطاقة مؤشرات الأداء — استقطاب المواهب والتوظيف | المجموع 100 نقطة · صفر على الحضور
A2: # | B2: اسم الموظف | C2: جودة التوظيف % اجتياز التجربة | D2: زمن شغل الوظيفة (يوم) | E2: عدد التعيينات المكتملة | F2: نسبة قبول العروض % | G2: تكلفة التوظيف (ر.س) | H2: رضا المدير الطالب (1-10) | I2: د1 | J2: د2 | K2: د3 | L2: د4 | M2: د5 | N2: د6 | O2: الإجمالي | P2: النتيجة
B3: الهدف ← | → الوزن | C3: ='دليل المؤشرات'!F11 -> 90 | D3: ='دليل المؤشرات'!F12 -> 30 | E3: ='دليل المؤشرات'!F13 -> 8 | F3: ='دليل المؤشرات'!F14 -> 80 | G3: ='دليل المؤشرات'!F15 -> 4000 | H3: ='دليل المؤشرات'!F16 -> 10 | I3: ='دليل المؤشرات'!E11 -> 25 | J3: ='دليل المؤشرات'!E12 -> 20 | K3: ='دليل المؤشرات'!E13 -> 15 | L3: ='دليل المؤشرات'!E14 -> 15 | M3: ='دليل المؤشرات'!E15 -> 15 | N3: ='دليل المؤشرات'!E16 -> 10 | O3: 100
A4: 1 | B4: نواف الشهري | C4: 62 | D4: 40.4 | E4: 5.3 | F4: 52 | G4: 5784 | H4: 7 | I4: =IF($B4="","",IF(C4="","",IFERROR(ROUND(IF('دليل المؤشرات'!$D$11="↓",MIN('دليل المؤشرات'!$F$11/C4,1),IF('دليل المؤشرات'!$D$11="★",C4/10,MIN(C4/'دليل المؤشرات'!$F$11,1)))*'دليل المؤشرات'!$E$11,1),0))) -> 17.2 | J4: =IF($B4="","",IF(D4="","",IFERROR(ROUND(IF('دليل المؤشرات'!$D$12="↓",MIN('دليل المؤشرات'!$F$12/D4,1),IF('دليل المؤشرات'!$D$12="★",D4/10,MIN(D4/'دليل المؤشرات'!$F$12,1)))*'دليل المؤشرات'!$E$12,1),0))) -> 14.9 | K4: =IF($B4="","",IF(E4="","",IFERROR(ROUND(IF('دليل المؤشرات'!$D$13="↓",MIN('دليل المؤشرات'!$F$13/E4,1),IF('دليل المؤشرات'!$D$13="★",E4/10,MIN(E4/'دليل المؤشرات'!$F$13,1)))*'دليل المؤشرات'!$E$13,1),0))) -> 9.9 | L4: =IF($B4="","",IF(F4="","",IFERROR(ROUND(IF('دليل المؤشرات'!$D$14="↓",MIN('دليل المؤشرات'!$F$14/F4,1),IF('دليل المؤشرات'!$D$14="★",F4/10,MIN(F4/'دليل المؤشرات'!$F$14,1)))*'دليل المؤشرات'!$E$14,1),0))) -> 9.8 | M4: =IF($B4="","",IF(G4="","",IFERROR(ROUND(IF('دليل المؤشرات'!$D$15="↓",MIN('دليل المؤشرات'!$F$15/G4,1),IF('دليل المؤشرات'!$D$15="★",G4/10,MIN(G4/'دليل المؤشرات'!$F$15,1)))*'دليل المؤشرات'!$E$15,1),0))) -> 10.4 | N4: =IF($B4="","",IF(H4="","",IFERROR(ROUND(IF('دليل المؤشرات'!$D$16="↓",MIN('دليل المؤشرات'!$F$16/H4,1),IF('دليل المؤشرات'!$D$16="★",H4/10,MIN(H4/'دليل المؤشرات'!$F$16,1)))*'دليل المؤشرات'!$E$16,1),0))) -> 7 | O4: =IF(B4="","",ROUND(SUM(I4:N4),1)) -> 69.2 | P4: =IF(O4="","",IF(O4>=90,"أداء متميز",IF(O4>=75,"يفوق التوقعات",IF(O4>=60,"يلبّي التوقعات",IF(O4>=45,"يحتاج تطوير","غير مُرضٍ"))))) -> يلبّي التوقعات
A5: 2 | B5: يزيد المالكي | C5: 65 | D5: 42.1 | E5: 5.1 | F5: 55 | G5: 6056 | H5: 6 | I5: =IF($B5="","",IF(C5="","",IFERROR(ROUND(IF('دليل المؤشرات'!$D$11="↓",MIN('دليل المؤشرات'!$F$11/C5,1),IF('دليل المؤشرات'!$D$11="★",C5/10,MIN(C5/'دليل المؤشرات'!$F$11,1)))*'دليل المؤشرات'!$E$11,1),0))) -> 18.1 | J5: =IF($B5="","",IF(D5="","",IFERROR(ROUND(IF('دليل المؤشرات'!$D$12="↓",MIN('دليل المؤشرات'!$F$12/D5,1),IF('دليل المؤشرات'!$D$12="★",D5/10,MIN(D5/'دليل المؤشرات'!$F$12,1)))*'دليل المؤشرات'!$E$12,1),0))) -> 14.3 | K5: =IF($B5="","",IF(E5="","",IFERROR(ROUND(IF('دليل المؤشرات'!$D$13="↓",MIN('دليل المؤشرات'!$F$13/E5,1),IF('دليل المؤشرات'!$D$13="★",E5/10,MIN(E5/'دليل المؤشرات'!$F$13,1)))*'دليل المؤشرات'!$E$13,1),0))) -> 9.6 | L5: =IF($B5="","",IF(F5="","",IFERROR(ROUND(IF('دليل المؤشرات'!$D$14="↓",MIN('دليل المؤشرات'!$F$14/F5,1),IF('دليل المؤشرات'!$D$14="★",F5/10,MIN(F5/'دليل المؤشرات'!$F$14,1)))*'دليل المؤشرات'!$E$14,1),0))) -> 10.3 | M5: =IF($B5="","",IF(G5="","",IFERROR(ROUND(IF('دليل المؤشرات'!$D$15="↓",MIN('دليل المؤشرات'!$F$15/G5,1),IF('دليل المؤشرات'!$D$15="★",G5/10,MIN(G5/'دليل المؤشرات'!$F$15,1)))*'دليل المؤشرات'!$E$15,1),0))) -> 9.9 | N5: =IF($B5="","",IF(H5="","",IFERROR(ROUND(IF('دليل المؤشرات'!$D$16="↓",MIN('دليل المؤشرات'!$F$16/H5,1),IF('دليل المؤشرات'!$D$16="★",H5/10,MIN(H5/'دليل المؤشرات'!$F$16,1)))*'دليل المؤشرات'!$E$16,1),0))) -> 6 | O5: =IF(B5="","",ROUND(SUM(I5:N5),1)) -> 68.2 | P5: =IF(O5="","",IF(O5>=90,"أداء متميز",IF(O5>=75,"يفوق التوقعات",IF(O5>=60,"يلبّي التوقعات",IF(O5>=45,"يحتاج تطوير","غير مُرضٍ"))))) -> يلبّي التوقعات
A6: 3 | B6: محمد الشهري | C6: 59 | D6: 48.5 | E6: 5.4 | F6: 51 | G6: 5722 | H6: 7 | I6: =IF($B6="","",IF(C6="","",IFERROR(ROUND(IF('دليل المؤشرات'!$D$11="↓",MIN('دليل المؤشرات'!$F$11/C6,1),IF('دليل المؤشرات'!$D$11="★",C6/10,MIN(C6/'دليل المؤشرات'!$F$11,1)))*'دليل المؤشرات'!$E$11,1),0))) -> 16.4 | J6: =IF($B6="","",IF(D6="","",IFERROR(ROUND(IF('دليل المؤشرات'!$D$12="↓",MIN('دليل المؤشرات'!$F$12/D6,1),IF('دليل المؤشرات'!$D$12="★",D6/10,MIN(D6/'دليل المؤشرات'!$F$12,1)))*'دليل المؤشرات'!$E$12,1),0))) -> 12.4 | K6: =IF($B6="","",IF(E6="","",IFERROR(ROUND(IF('دليل المؤشرات'!$D$13="↓",MIN('دليل المؤشرات'!$F$13/E6,1),IF('دليل المؤشرات'!$D$13="★",E6/10,MIN(E6/'دليل المؤشرات'!$F$13,1)))*'دليل المؤشرات'!$E$13,1),0))) -> 10.1 | L6: =IF($B6="","",IF(F6="","",IFERROR(ROUND(IF('دليل المؤشرات'!$D$14="↓",MIN('دليل المؤشرات'!$F$14/F6,1),IF('دليل المؤشرات'!$D$14="★",F6/10,MIN(F6/'دليل المؤشرات'!$F$14,1)))*'دليل المؤشرات'!$E$14,1),0))) -> 9.6 | M6: =IF($B6="","",IF(G6="","",IFERROR(ROUND(IF('دليل المؤشرات'!$D$15="↓",MIN('دليل المؤشرات'!$F$15/G6,1),IF('دليل المؤشرات'!$D$15="★",G6/10,MIN(G6/'دليل المؤشرات'!$F$15,1)))*'دليل المؤشرات'!$E$15,1),0))) -> 10.5 | N6: =IF($B6="","",IF(H6="","",IFERROR(ROUND(IF('دليل المؤشرات'!$D$16="↓",MIN('دليل المؤشرات'!$F$16/H6,1),IF('دليل المؤشرات'!$D$16="★",H6/10,MIN(H6/'دليل المؤشرات'!$F$16,1)))*'دليل المؤشرات'!$E$16,1),0))) -> 7 | O6: =IF(B6="","",ROUND(SUM(I6:N6),1)) -> 66 | P6: =IF(O6="","",IF(O6>=90,"أداء متميز",IF(O6>=75,"يفوق التوقعات",IF(O6>=60,"يلبّي التوقعات",IF(O6>=45,"يحتاج تطوير","غير مُرضٍ"))))) -> يلبّي التوقعات
A7: 4 | B7: نواف المالكي | C7: 48 | D7: 52.6 | E7: 4.4 | F7: 46 | G7: 6350 | H7: 6 | I7: =IF($B7="","",IF(C7="","",IFERROR(ROUND(IF('دليل المؤشرات'!$D$11="↓",MIN('دليل المؤشرات'!$F$11/C7,1),IF('دليل المؤشرات'!$D$11="★",C7/10,MIN(C7/'دليل المؤشرات'!$F$11,1)))*'دليل المؤشرات'!$E$11,1),0))) -> 13.3 | J7: =IF($B7="","",IF(D7="","",IFERROR(ROUND(IF('دليل المؤشرات'!$D$12="↓",MIN('دليل المؤشرات'!$F$12/D7,1),IF('دليل المؤشرات'!$D$12="★",D7/10,MIN(D7/'دليل المؤشرات'!$F$12,1)))*'دليل المؤشرات'!$E$12,1),0))) -> 11.4 | K7: =IF($B7="","",IF(E7="","",IFERROR(ROUND(IF('دليل المؤشرات'!$D$13="↓",MIN('دليل المؤشرات'!$F$13/E7,1),IF('دليل المؤشرات'!$D$13="★",E7/10,MIN(E7/'دليل المؤشرات'!$F$13,1)))*'دليل المؤشرات'!$E$13,1),0))) -> 8.3 | L7: =IF($B7="","",IF(F7="","",IFERROR(ROUND(IF('دليل المؤشرات'!$D$14="↓",MIN('دليل المؤشرات'!$F$14/F7,1),IF('دليل المؤشرات'!$D$14="★",F7/10,MIN(F7/'دليل المؤشرات'!$F$14,1)))*'دليل المؤشرات'!$E$14,1),0))) -> 8.6 | M7: =IF($B7="","",IF(G7="","",IFERROR(ROUND(IF('دليل المؤشرات'!$D$15="↓",MIN('دليل المؤشرات'!$F$15/G7,1),IF('دليل المؤشرات'!$D$15="★",G7/10,MIN(G7/'دليل المؤشرات'!$F$15,1)))*'دليل المؤشرات'!$E$15,1),0))) -> 9.4 | N7: =IF($B7="","",IF(H7="","",IFERROR(ROUND(IF('دليل المؤشرات'!$D$16="↓",MIN('دليل المؤشرات'!$F$16/H7,1),IF('دليل المؤشرات'!$D$16="★",H7/10,MIN(H7/'دليل المؤشرات'!$F$16,1)))*'دليل المؤشرات'!$E$16,1),0))) -> 6 | O7: =IF(B7="","",ROUND(SUM(I7:N7),1)) -> 57 | P7: =IF(O7="","",IF(O7>=90,"أداء متميز",IF(O7>=75,"يفوق التوقعات",IF(O7>=60,"يلبّي التوقعات",IF(O7>=45,"يحتاج تطوير","غير مُرضٍ"))))) -> يحتاج تطوير
A8: 5 | B8: عبدالله العنزي | C8: 102 | D8: 29.6 | E8: 8.6 | F8: 89 | G8: 4143 | H8: 10 | I8: =IF($B8="","",IF(C8="","",IFERROR(ROUND(IF('دليل المؤشرات'!$D$11="↓",MIN('دليل المؤشرات'!$F$11/C8,1),IF('دليل المؤشرات'!$D$11="★",C8/10,MIN(C8/'دليل المؤشرات'!$F$11,1)))*'دليل المؤشرات'!$E$11,1),0))) -> 25 | J8: =IF($B8="","",IF(D8="","",IFERROR(ROUND(IF('دليل المؤشرات'!$D$12="↓",MIN('دليل المؤشرات'!$F$12/D8,1),IF('دليل المؤشرات'!$D$12="★",D8/10,MIN(D8/'دليل المؤشرات'!$F$12,1)))*'دليل المؤشرات'!$E$12,1),0))) -> 20 | K8: =IF($B8="","",IF(E8="","",IFERROR(ROUND(IF('دليل المؤشرات'!$D$13="↓",MIN('دليل المؤشرات'!$F$13/E8,1),IF('دليل المؤشرات'!$D$13="★",E8/10,MIN(E8/'دليل المؤشرات'!$F$13,1)))*'دليل المؤشرات'!$E$13,1),0))) -> 15 | L8: =IF($B8="","",IF(F8="","",IFERROR(ROUND(IF('دليل المؤشرات'!$D$14="↓",MIN('دليل المؤشرات'!$F$14/F8,1),IF('دليل المؤشرات'!$D$14="★",F8/10,MIN(F8/'دليل المؤشرات'!$F$14,1)))*'دليل المؤشرات'!$E$14,1),0))) -> 15 | M8: =IF($B8="","",IF(G8="","",IFERROR(ROUND(IF('دليل المؤشرات'!$D$15="↓",MIN('دليل المؤشرات'!$F$15/G8,1),IF('دليل المؤشرات'!$D$15="★",G8/10,MIN(G8/'دليل المؤشرات'!$F$15,1)))*'دليل المؤشرات'!$E$15,1),0))) -> 14.5 | N8: =IF($B8="","",IF(H8="","",IFERROR(ROUND(IF('دليل المؤشرات'!$D$16="↓",MIN('دليل المؤشرات'!$F$16/H8,1),IF('دليل المؤشرات'!$D$16="★",H8/10,MIN(H8/'دليل المؤشرات'!$F$16,1)))*'دليل المؤشرات'!$E$16,1),0))) -> 10 | O8: =IF(B8="","",ROUND(SUM(I8:N8),1)) -> 99.5 | P8: =IF(O8="","",IF(O8>=90,"أداء متميز",IF(O8>=75,"يفوق التوقعات",IF(O8>=60,"يلبّي التوقعات",IF(O8>=45,"يحتاج تطوير","غير مُرضٍ"))))) -> أداء متميز
A9: 6 | B9: ريان الرشيدي | C9: 76 | D9: 39 | E9: 6.7 | F9: 70 | G9: 5137 | H9: 8 | I9: =IF($B9="","",IF(C9="","",IFERROR(ROUND(IF('دليل المؤشرات'!$D$11="↓",MIN('دليل المؤشرات'!$F$11/C9,1),IF('دليل المؤشرات'!$D$11="★",C9/10,MIN(C9/'دليل المؤشرات'!$F$11,1)))*'دليل المؤشرات'!$E$11,1),0))) -> 21.1 | J9: =IF($B9="","",IF(D9="","",IFERROR(ROUND(IF('دليل المؤشرات'!$D$12="↓",MIN('دليل المؤشرات'!$F$12/D9,1),IF('دليل المؤشرات'!$D$12="★",D9/10,MIN(D9/'دليل المؤشرات'!$F$12,1)))*'دليل المؤشرات'!$E$12,1),0))) -> 15.4 | K9: =IF($B9="","",IF(E9="","",IFERROR(ROUND(IF('دليل المؤشرات'!$D$13="↓",MIN('دليل المؤشرات'!$F$13/E9,1),IF('دليل المؤشرات'!$D$13="★",E9/10,MIN(E9/'دليل المؤشرات'!$F$13,1)))*'دليل المؤشرات'!$E$13,1),0))) -> 12.6 | L9: =IF($B9="","",IF(F9="","",IFERROR(ROUND(IF('دليل المؤشرات'!$D$14="↓",MIN('دليل المؤشرات'!$F$14/F9,1),IF('دليل المؤشرات'!$D$14="★",F9/10,MIN(F9/'دليل المؤشرات'!$F$14,1)))*'دليل المؤشرات'!$E$14,1),0))) -> 13.1 | M9: =IF($B9="","",IF(G9="","",IFERROR(ROUND(IF('دليل المؤشرات'!$D$15="↓",MIN('دليل المؤشرات'!$F$15/G9,1),IF('دليل المؤشرات'!$D$15="★",G9/10,MIN(G9/'دليل المؤشرات'!$F$15,1)))*'دليل المؤشرات'!$E$15,1),0))) -> 11.7 | N9: =IF($B9="","",IF(H9="","",IFERROR(ROUND(IF('دليل المؤشرات'!$D$16="↓",MIN('دليل المؤشرات'!$F$16/H9,1),IF('دليل المؤشرات'!$D$16="★",H9/10,MIN(H9/'دليل المؤشرات'!$F$16,1)))*'دليل المؤشرات'!$E$16,1),0))) -> 8 | O9: =IF(B9="","",ROUND(SUM(I9:N9),1)) -> 81.9 | P9: =IF(O9="","",IF(O9>=90,"أداء متميز",IF(O9>=75,"يفوق التوقعات",IF(O9>=60,"يلبّي التوقعات",IF(O9>=45,"يحتاج تطوير","غير مُرضٍ"))))) -> يفوق التوقعات
A10: 7 | B10: نواف الحربي | C10: 60 | D10: 45 | E10: 5.4 | F10: 62 | G10: 5237 | H10: 7 | I10: =IF($B10="","",IF(C10="","",IFERROR(ROUND(IF('دليل المؤشرات'!$D$11="↓",MIN('دليل المؤشرات'!$F$11/C10,1),IF('دليل المؤشرات'!$D$11="★",C10/10,MIN(C10/'دليل المؤشرات'!$F$11,1)))*'دليل المؤشرات'!$E$11,1),0))) -> 16.7 | J10: =IF($B10="","",IF(D10="","",IFERROR(ROUND(IF('دليل المؤشرات'!$D$12="↓",MIN('دليل المؤشرات'!$F$12/D10,1),IF('دليل المؤشرات'!$D$12="★",D10/10,MIN(D10/'دليل المؤشرات'!$F$12,1)))*'دليل المؤشرات'!$E$12,1),0))) -> 13.3 | K10: =IF($B10="","",IF(E10="","",IFERROR(ROUND(IF('دليل المؤشرات'!$D$13="↓",MIN('دليل المؤشرات'!$F$13/E10,1),IF('دليل المؤشرات'!$D$13="★",E10/10,MIN(E10/'دليل المؤشرات'!$F$13,1)))*'دليل المؤشرات'!$E$13,1),0))) -> 10.1 | L10: =IF($B10="","",IF(F10="","",IFERROR(ROUND(IF('دليل المؤشرات'!$D$14="↓",MIN('دليل المؤشرات'!$F$14/F10,1),IF('دليل المؤشرات'!$D$14="★",F10/10,MIN(F10/'دليل المؤشرات'!$F$14,1)))*'دليل المؤشرات'!$E$14,1),0))) -> 11.6 | M10: =IF($B10="","",IF(G10="","",IFERROR(ROUND(IF('دليل المؤشرات'!$D$15="↓",MIN('دليل المؤشرات'!$F$15/G10,1),IF('دليل المؤشرات'!$D$15="★",G10/10,MIN(G10/'دليل المؤشرات'!$F$15,1)))*'دليل المؤشرات'!$E$15,1),0))) -> 11.5 | N10: =IF($B10="","",IF(H10="","",IFERROR(ROUND(IF('دليل المؤشرات'!$D$16="↓",MIN('دليل المؤشرات'!$F$16/H10,1),IF('دليل المؤشرات'!$D$16="★",H10/10,MIN(H10/'دليل المؤشرات'!$F$16,1)))*'دليل المؤشرات'!$E$16,1),0))) -> 7 | O10: =IF(B10="","",ROUND(SUM(I10:N10),1)) -> 70.2 | P10: =IF(O10="","",IF(O10>=90,"أداء متميز",IF(O10>=75,"يفوق التوقعات",IF(O10>=60,"يلبّي التوقعات",IF(O10>=45,"يحتاج تطوير","غير مُرضٍ"))))) -> يلبّي التوقعات
A11: 8 | B11: ريم الشمري | C11: 93 | D11: 31.7 | E11: 7.4 | F11: 89 | G11: 3804 | H11: 10 | I11: =IF($B11="","",IF(C11="","",IFERROR(ROUND(IF('دليل المؤشرات'!$D$11="↓",MIN('دليل المؤشرات'!$F$11/C11,1),IF('دليل المؤشرات'!$D$11="★",C11/10,MIN(C11/'دليل المؤشرات'!$F$11,1)))*'دليل المؤشرات'!$E$11,1),0))) -> 25 | J11: =IF($B11="","",IF(D11="","",IFERROR(ROUND(IF('دليل المؤشرات'!$D$12="↓",MIN('دليل المؤشرات'!$F$12/D11,1),IF('دليل المؤشرات'!$D$12="★",D11/10,MIN(D11/'دليل المؤشرات'!$F$12,1)))*'دليل المؤشرات'!$E$12,1),0))) -> 18.9 | K11: =IF($B11="","",IF(E11="","",IFERROR(ROUND(IF('دليل المؤشرات'!$D$13="↓",MIN('دليل المؤشرات'!$F$13/E11,1),IF('دليل المؤشرات'!$D$13="★",E11/10,MIN(E11/'دليل المؤشرات'!$F$13,1)))*'دليل المؤشرات'!$E$13,1),0))) -> 13.9 | L11: =IF($B11="","",IF(F11="","",IFERROR(ROUND(IF('دليل المؤشرات'!$D$14="↓",MIN('دليل المؤشرات'!$F$14/F11,1),IF('دليل المؤشرات'!$D$14="★",F11/10,MIN(F11/'دليل المؤشرات'!$F$14,1)))*'دليل المؤشرات'!$E$14,1),0))) -> 15 | M11: =IF($B11="","",IF(G11="","",IFERROR(ROUND(IF('دليل المؤشرات'!$D$15="↓",MIN('دليل المؤشرات'!$F$15/G11,1),IF('دليل المؤشرات'!$D$15="★",G11/10,MIN(G11/'دليل المؤشرات'!$F$15,1)))*'دليل المؤشرات'!$E$15,1),0))) -> 15 | N11: =IF($B11="","",IF(H11="","",IFERROR(ROUND(IF('دليل المؤشرات'!$D$16="↓",MIN('دليل المؤشرات'!$F$16/H11,1),IF('دليل المؤشرات'!$D$16="★",H11/10,MIN(H11/'دليل المؤشرات'!$F$16,1)))*'دليل المؤشرات'!$E$16,1),0))) -> 10 | O11: =IF(B11="","",ROUND(SUM(I11:N11),1)) -> 97.8 | P11: =IF(O11="","",IF(O11>=90,"أداء متميز",IF(O11>=75,"يفوق التوقعات",IF(O11>=60,"يلبّي التوقعات",IF(O11>=45,"يحتاج تطوير","غير مُرضٍ"))))) -> أداء متميز
A12: 9 | B12: بندر الرشيدي | C12: 43 | D12: 73.5 | E12: 3.7 | F12: 32 | G12: 9760 | H12: 4 | I12: =IF($B12="","",IF(C12="","",IFERROR(ROUND(IF('دليل المؤشرات'!$D$11="↓",MIN('دليل المؤشرات'!$F$11/C12,1),IF('دليل المؤشرات'!$D$11="★",C12/10,MIN(C12/'دليل المؤشرات'!$F$11,1)))*'دليل المؤشرات'!$E$11,1),0))) -> 11.9 | J12: =IF($B12="","",IF(D12="","",IFERROR(ROUND(IF('دليل المؤشرات'!$D$12="↓",MIN('دليل المؤشرات'!$F$12/D12,1),IF('دليل المؤشرات'!$D$12="★",D12/10,MIN(D12/'دليل المؤشرات'!$F$12,1)))*'دليل المؤشرات'!$E$12,1),0))) -> 8.2 | K12: =IF($B12="","",IF(E12="","",IFERROR(ROUND(IF('دليل المؤشرات'!$D$13="↓",MIN('دليل المؤشرات'!$F$13/E12,1),IF('دليل المؤشرات'!$D$13="★",E12/10,MIN(E12/'دليل المؤشرات'!$F$13,1)))*'دليل المؤشرات'!$E$13,1),0))) -> 6.9 | L12: =IF($B12="","",IF(F12="","",IFERROR(ROUND(IF('دليل المؤشرات'!$D$14="↓",MIN('دليل المؤشرات'!$F$14/F12,1),IF('دليل المؤشرات'!$D$14="★",F12/10,MIN(F12/'دليل المؤشرات'!$F$14,1)))*'دليل المؤشرات'!$E$14,1),0))) -> 6 | M12: =IF($B12="","",IF(G12="","",IFERROR(ROUND(IF('دليل المؤشرات'!$D$15="↓",MIN('دليل المؤشرات'!$F$15/G12,1),IF('دليل المؤشرات'!$D$15="★",G12/10,MIN(G12/'دليل المؤشرات'!$F$15,1)))*'دليل المؤشرات'!$E$15,1),0))) -> 6.1 | N12: =IF($B12="","",IF(H12="","",IFERROR(ROUND(IF('دليل المؤشرات'!$D$16="↓",MIN('دليل المؤشرات'!$F$16/H12,1),IF('دليل المؤشرات'!$D$16="★",H12/10,MIN(H12/'دليل المؤشرات'!$F$16,1)))*'دليل المؤشرات'!$E$16,1),0))) -> 4 | O12: =IF(B12="","",ROUND(SUM(I12:N12),1)) -> 43.1 | P12: =IF(O12="","",IF(O12>=90,"أداء متميز",IF(O12>=75,"يفوق التوقعات",IF(O12>=60,"يلبّي التوقعات",IF(O12>=45,"يحتاج تطوير","غير مُرضٍ"))))) -> غير مُرضٍ
A13: 10 | B13: لطيفة الرشيدي | C13: 80 | D13: 39.5 | E13: 7 | F13: 72 | G13: 4657 | H13: 9 | I13: =IF($B13="","",IF(C13="","",IFERROR(ROUND(IF('دليل المؤشرات'!$D$11="↓",MIN('دليل المؤشرات'!$F$11/C13,1),IF('دليل المؤشرات'!$D$11="★",C13/10,MIN(C13/'دليل المؤشرات'!$F$11,1)))*'دليل المؤشرات'!$E$11,1),0))) -> 22.2 | J13: =IF($B13="","",IF(D13="","",IFERROR(ROUND(IF('دليل المؤشرات'!$D$12="↓",MIN('دليل المؤشرات'!$F$12/D13,1),IF('دليل المؤشرات'!$D$12="★",D13/10,MIN(D13/'دليل المؤشرات'!$F$12,1)))*'دليل المؤشرات'!$E$12,1),0))) -> 15.2 | K13: =IF($B13="","",IF(E13="","",IFERROR(ROUND(IF('دليل المؤشرات'!$D$13="↓",MIN('دليل المؤشرات'!$F$13/E13,1),IF('دليل المؤشرات'!$D$13="★",E13/10,MIN(E13/'دليل المؤشرات'!$F$13,1)))*'دليل المؤشرات'!$E$13,1),0))) -> 13.1 | L13: =IF($B13="","",IF(F13="","",IFERROR(ROUND(IF('دليل المؤشرات'!$D$14="↓",MIN('دليل المؤشرات'!$F$14/F13,1),IF('دليل المؤشرات'!$D$14="★",F13/10,MIN(F13/'دليل المؤشرات'!$F$14,1)))*'دليل المؤشرات'!$E$14,1),0))) -> 13.5 | M13: =IF($B13="","",IF(G13="","",IFERROR(ROUND(IF('دليل المؤشرات'!$D$15="↓",MIN('دليل المؤشرات'!$F$15/G13,1),IF('دليل المؤشرات'!$D$15="★",G13/10,MIN(G13/'دليل المؤشرات'!$F$15,1)))*'دليل المؤشرات'!$E$15,1),0))) -> 12.9 | N13: =IF($B13="","",IF(H13="","",IFERROR(ROUND(IF('دليل المؤشرات'!$D$16="↓",MIN('دليل المؤشرات'!$F$16/H13,1),IF('دليل المؤشرات'!$D$16="★",H13/10,MIN(H13/'دليل المؤشرات'!$F$16,1)))*'دليل المؤشرات'!$E$16,1),0))) -> 9 | O13: =IF(B13="","",ROUND(SUM(I13:N13),1)) -> 85.9 | P13: =IF(O13="","",IF(O13>=90,"أداء متميز",IF(O13>=75,"يفوق التوقعات",IF(O13>=60,"يلبّي التوقعات",IF(O13>=45,"يحتاج تطوير","غير مُرضٍ"))))) -> يفوق التوقعات
A14: 11 | B14: أسماء الرشيدي | C14: 65 | D14: 40.8 | E14: 5.1 | F14: 51 | G14: 5846 | H14: 7 | I14: =IF($B14="","",IF(C14="","",IFERROR(ROUND(IF('دليل المؤشرات'!$D$11="↓",MIN('دليل المؤشرات'!$F$11/C14,1),IF('دليل المؤشرات'!$D$11="★",C14/10,MIN(C14/'دليل المؤشرات'!$F$11,1)))*'دليل المؤشرات'!$E$11,1),0))) -> 18.1 | J14: =IF($B14="","",IF(D14="","",IFERROR(ROUND(IF('دليل المؤشرات'!$D$12="↓",MIN('دليل المؤشرات'!$F$12/D14,1),IF('دليل المؤشرات'!$D$12="★",D14/10,MIN(D14/'دليل المؤشرات'!$F$12,1)))*'دليل المؤشرات'!$E$12,1),0))) -> 14.7 | K14: =IF($B14="","",IF(E14="","",IFERROR(ROUND(IF('دليل المؤشرات'!$D$13="↓",MIN('دليل المؤشرات'!$F$13/E14,1),IF('دليل المؤشرات'!$D$13="★",E14/10,MIN(E14/'دليل المؤشرات'!$F$13,1)))*'دليل المؤشرات'!$E$13,1),0))) -> 9.6 | L14: =IF($B14="","",IF(F14="","",IFERROR(ROUND(IF('دليل المؤشرات'!$D$14="↓",MIN('دليل المؤشرات'!$F$14/F14,1),IF('دليل المؤشرات'!$D$14="★",F14/10,MIN(F14/'دليل المؤشرات'!$F$14,1)))*'دليل المؤشرات'!$E$14,1),0))) -> 9.6 | M14: =IF($B14="","",IF(G14="","",IFERROR(ROUND(IF('دليل المؤشرات'!$D$15="↓",MIN('دليل المؤشرات'!$F$15/G14,1),IF('دليل المؤشرات'!$D$15="★",G14/10,MIN(G14/'دليل المؤشرات'!$F$15,1)))*'دليل المؤشرات'!$E$15,1),0))) -> 10.3 | N14: =IF($B14="","",IF(H14="","",IFERROR(ROUND(IF('دليل المؤشرات'!$D$16="↓",MIN('دليل المؤشرات'!$F$16/H14,1),IF('دليل المؤشرات'!$D$16="★",H14/10,MIN(H14/'دليل المؤشرات'!$F$16,1)))*'دليل المؤشرات'!$E$16,1),0))) -> 7 | O14: =IF(B14="","",ROUND(SUM(I14:N14),1)) -> 69.3 | P14: =IF(O14="","",IF(O14>=90,"أداء متميز",IF(O14>=75,"يفوق التوقعات",IF(O14>=60,"يلبّي التوقعات",IF(O14>=45,"يحتاج تطوير","غير مُرضٍ"))))) -> يلبّي التوقعات
A15: 12 | B15: سلطان الحربي | C15: 71 | D15: 34.3 | E15: 6.3 | F15: 62 | G15: 4513 | H15: 9 | I15: =IF($B15="","",IF(C15="","",IFERROR(ROUND(IF('دليل المؤشرات'!$D$11="↓",MIN('دليل المؤشرات'!$F$11/C15,1),IF('دليل المؤشرات'!$D$11="★",C15/10,MIN(C15/'دليل المؤشرات'!$F$11,1)))*'دليل المؤشرات'!$E$11,1),0))) -> 19.7 | J15: =IF($B15="","",IF(D15="","",IFERROR(ROUND(IF('دليل المؤشرات'!$D$12="↓",MIN('دليل المؤشرات'!$F$12/D15,1),IF('دليل المؤشرات'!$D$12="★",D15/10,MIN(D15/'دليل المؤشرات'!$F$12,1)))*'دليل المؤشرات'!$E$12,1),0))) -> 17.5 | K15: =IF($B15="","",IF(E15="","",IFERROR(ROUND(IF('دليل المؤشرات'!$D$13="↓",MIN('دليل المؤشرات'!$F$13/E15,1),IF('دليل المؤشرات'!$D$13="★",E15/10,MIN(E15/'دليل المؤشرات'!$F$13,1)))*'دليل المؤشرات'!$E$13,1),0))) -> 11.8 | L15: =IF($B15="","",IF(F15="","",IFERROR(ROUND(IF('دليل المؤشرات'!$D$14="↓",MIN('دليل المؤشرات'!$F$14/F15,1),IF('دليل المؤشرات'!$D$14="★",F15/10,MIN(F15/'دليل المؤشرات'!$F$14,1)))*'دليل المؤشرات'!$E$14,1),0))) -> 11.6 | M15: =IF($B15="","",IF(G15="","",IFERROR(ROUND(IF('دليل المؤشرات'!$D$15="↓",MIN('دليل المؤشرات'!$F$15/G15,1),IF('دليل المؤشرات'!$D$15="★",G15/10,MIN(G15/'دليل المؤشرات'!$F$15,1)))*'دليل المؤشرات'!$E$15,1),0))) -> 13.3 | N15: =IF($B15="","",IF(H15="","",IFERROR(ROUND(IF('دليل المؤشرات'!$D$16="↓",MIN('دليل المؤشرات'!$F$16/H15,1),IF('دليل المؤشرات'!$D$16="★",H15/10,MIN(H15/'دليل المؤشرات'!$F$16,1)))*'دليل المؤشرات'!$E$16,1),0))) -> 9 | O15: =IF(B15="","",ROUND(SUM(I15:N15),1)) -> 82.9 | P15: =IF(O15="","",IF(O15>=90,"أداء متميز",IF(O15>=75,"يفوق التوقعات",IF(O15>=60,"يلبّي التوقعات",IF(O15>=45,"يحتاج تطوير","غير مُرضٍ"))))) -> يفوق التوقعات
... A21: 18 | B21: ناصر الحربي | C21: 37 | D21: 68.3 | E21: 3.1 | F21: 31 | G21: 10295 | H21: 4 | I21: =IF($B21="","",IF(C21="","",IFERROR(ROUND(IF('دليل المؤشرات'!$D$11="↓",MIN('دليل المؤشرات'!$F$11/C21,1),IF('دليل المؤشرات'!$D$11="★",C21/10,MIN(C21/'دليل المؤشرات'!$F$11,1)))*'دليل المؤشرات'!$E$11,1),0))) -> 10.3 | J21: =IF($B21="","",IF(D21="","",IFERROR(ROUND(IF('دليل المؤشرات'!$D$12="↓",MIN('دليل المؤشرات'!$F$12/D21,1),IF('دليل المؤشرات'!$D$12="★",D21/10,MIN(D21/'دليل المؤشرات'!$F$12,1)))*'دليل المؤشرات'!$E$12,1),0))) -> 8.8 | K21: =IF($B21="","",IF(E21="","",IFERROR(ROUND(IF('دليل المؤشرات'!$D$13="↓",MIN('دليل المؤشرات'!$F$13/E21,1),IF('دليل المؤشرات'!$D$13="★",E21/10,MIN(E21/'دليل المؤشرات'!$F$13,1)))*'دليل المؤشرات'!$E$13,1),0))) -> 5.8 | L21: =IF($B21="","",IF(F21="","",IFERROR(ROUND(IF('دليل المؤشرات'!$D$14="↓",MIN('دليل المؤشرات'!$F$14/F21,1),IF('دليل المؤشرات'!$D$14="★",F21/10,MIN(F21/'دليل المؤشرات'!$F$14,1)))*'دليل المؤشرات'!$E$14,1),0))) -> 5.8 | M21: =IF($B21="","",IF(G21="","",IFERROR(ROUND(IF('دليل المؤشرات'!$D$15="↓",MIN('دليل المؤشرات'!$F$15/G21,1),IF('دليل المؤشرات'!$D$15="★",G21/10,MIN(G21/'دليل المؤشرات'!$F$15,1)))*'دليل المؤشرات'!$E$15,1),0))) -> 5.8 | N21: =IF($B21="","",IF(H21="","",IFERROR(ROUND(IF('دليل المؤشرات'!$D$16="↓",MIN('دليل المؤشرات'!$F$16/H21,1),IF('دليل المؤشرات'!$D$16="★",H21/10,MIN(H21/'دليل المؤشرات'!$F$16,1)))*'دليل المؤشرات'!$E$16,1),0))) -> 4 | O21: =IF(B21="","",ROUND(SUM(I21:N21),1)) -> 40.5 | P21: =IF(O21="","",IF(O21>=90,"أداء متميز",IF(O21>=75,"يفوق التوقعات",IF(O21>=60,"يلبّي التوقعات",IF(O21>=45,"يحتاج تطوير","غير مُرضٍ"))))) -> غير مُرضٍ
A22: 19 | I22: =IF($B22="","",IF(C22="","",IFERROR(ROUND(IF('دليل المؤشرات'!$D$11="↓",MIN('دليل المؤشرات'!$F$11/C22,1),IF('دليل المؤشرات'!$D$11="★",C22/10,MIN(C22/'دليل المؤشرات'!$F$11,1)))*'دليل المؤشرات'!$E$11,1),0))) | J22: =IF($B22="","",IF(D22="","",IFERROR(ROUND(IF('دليل المؤشرات'!$D$12="↓",MIN('دليل المؤشرات'!$F$12/D22,1),IF('دليل المؤشرات'!$D$12="★",D22/10,MIN(D22/'دليل المؤشرات'!$F$12,1)))*'دليل المؤشرات'!$E$12,1),0))) | K22: =IF($B22="","",IF(E22="","",IFERROR(ROUND(IF('دليل المؤشرات'!$D$13="↓",MIN('دليل المؤشرات'!$F$13/E22,1),IF('دليل المؤشرات'!$D$13="★",E22/10,MIN(E22/'دليل المؤشرات'!$F$13,1)))*'دليل المؤشرات'!$E$13,1),0))) | L22: =IF($B22="","",IF(F22="","",IFERROR(ROUND(IF('دليل المؤشرات'!$D$14="↓",MIN('دليل المؤشرات'!$F$14/F22,1),IF('دليل المؤشرات'!$D$14="★",F22/10,MIN(F22/'دليل المؤشرات'!$F$14,1)))*'دليل المؤشرات'!$E$14,1),0))) | M22: =IF($B22="","",IF(G22="","",IFERROR(ROUND(IF('دليل المؤشرات'!$D$15="↓",MIN('دليل المؤشرات'!$F$15/G22,1),IF('دليل المؤشرات'!$D$15="★",G22/10,MIN(G22/'دليل المؤشرات'!$F$15,1)))*'دليل المؤشرات'!$E$15,1),0))) | N22: =IF($B22="","",IF(H22="","",IFERROR(ROUND(IF('دليل المؤشرات'!$D$16="↓",MIN('دليل المؤشرات'!$F$16/H22,1),IF('دليل المؤشرات'!$D$16="★",H22/10,MIN(H22/'دليل المؤشرات'!$F$16,1)))*'دليل المؤشرات'!$E$16,1),0))) | O22: =IF(B22="","",ROUND(SUM(I22:N22),1)) | P22: =IF(O22="","",IF(O22>=90,"أداء متميز",IF(O22>=75,"يفوق التوقعات",IF(O22>=60,"يلبّي التوقعات",IF(O22>=45,"يحتاج تطوير","غير مُرضٍ")))))
A23: 20 | I23: =IF($B23="","",IF(C23="","",IFERROR(ROUND(IF('دليل المؤشرات'!$D$11="↓",MIN('دليل المؤشرات'!$F$11/C23,1),IF('دليل المؤشرات'!$D$11="★",C23/10,MIN(C23/'دليل المؤشرات'!$F$11,1)))*'دليل المؤشرات'!$E$11,1),0))) | J23: =IF($B23="","",IF(D23="","",IFERROR(ROUND(IF('دليل المؤشرات'!$D$12="↓",MIN('دليل المؤشرات'!$F$12/D23,1),IF('دليل المؤشرات'!$D$12="★",D23/10,MIN(D23/'دليل المؤشرات'!$F$12,1)))*'دليل المؤشرات'!$E$12,1),0))) | K23: =IF($B23="","",IF(E23="","",IFERROR(ROUND(IF('دليل المؤشرات'!$D$13="↓",MIN('دليل المؤشرات'!$F$13/E23,1),IF('دليل المؤشرات'!$D$13="★",E23/10,MIN(E23/'دليل المؤشرات'!$F$13,1)))*'دليل المؤشرات'!$E$13,1),0))) | L23: =IF($B23="","",IF(F23="","",IFERROR(ROUND(IF('دليل المؤشرات'!$D$14="↓",MIN('دليل المؤشرات'!$F$14/F23,1),IF('دليل المؤشرات'!$D$14="★",F23/10,MIN(F23/'دليل المؤشرات'!$F$14,1)))*'دليل المؤشرات'!$E$14,1),0))) | M23: =IF($B23="","",IF(G23="","",IFERROR(ROUND(IF('دليل المؤشرات'!$D$15="↓",MIN('دليل المؤشرات'!$F$15/G23,1),IF('دليل المؤشرات'!$D$15="★",G23/10,MIN(G23/'دليل المؤشرات'!$F$15,1)))*'دليل المؤشرات'!$E$15,1),0))) | N23: =IF($B23="","",IF(H23="","",IFERROR(ROUND(IF('دليل المؤشرات'!$D$16="↓",MIN('دليل المؤشرات'!$F$16/H23,1),IF('دليل المؤشرات'!$D$16="★",H23/10,MIN(H23/'دليل المؤشرات'!$F$16,1)))*'دليل المؤشرات'!$E$16,1),0))) | O23: =IF(B23="","",ROUND(SUM(I23:N23),1)) | P23: =IF(O23="","",IF(O23>=90,"أداء متميز",IF(O23>=75,"يفوق التوقعات",IF(O23>=60,"يلبّي التوقعات",IF(O23>=45,"يحتاج تطوير","غير مُرضٍ")))))
A24: 21 | I24: =IF($B24="","",IF(C24="","",IFERROR(ROUND(IF('دليل المؤشرات'!$D$11="↓",MIN('دليل المؤشرات'!$F$11/C24,1),IF('دليل المؤشرات'!$D$11="★",C24/10,MIN(C24/'دليل المؤشرات'!$F$11,1)))*'دليل المؤشرات'!$E$11,1),0))) | J24: =IF($B24="","",IF(D24="","",IFERROR(ROUND(IF('دليل المؤشرات'!$D$12="↓",MIN('دليل المؤشرات'!$F$12/D24,1),IF('دليل المؤشرات'!$D$12="★",D24/10,MIN(D24/'دليل المؤشرات'!$F$12,1)))*'دليل المؤشرات'!$E$12,1),0))) | K24: =IF($B24="","",IF(E24="","",IFERROR(ROUND(IF('دليل المؤشرات'!$D$13="↓",MIN('دليل المؤشرات'!$F$13/E24,1),IF('دليل المؤشرات'!$D$13="★",E24/10,MIN(E24/'دليل المؤشرات'!$F$13,1)))*'دليل المؤشرات'!$E$13,1),0))) | L24: =IF($B24="","",IF(F24="","",IFERROR(ROUND(IF('دليل المؤشرات'!$D$14="↓",MIN('دليل المؤشرات'!$F$14/F24,1),IF('دليل المؤشرات'!$D$14="★",F24/10,MIN(F24/'دليل المؤشرات'!$F$14,1)))*'دليل المؤشرات'!$E$14,1),0))) | M24: =IF($B24="","",IF(G24="","",IFERROR(ROUND(IF('دليل المؤشرات'!$D$15="↓",MIN('دليل المؤشرات'!$F$15/G24,1),IF('دليل المؤشرات'!$D$15="★",G24/10,MIN(G24/'دليل المؤشرات'!$F$15,1)))*'دليل المؤشرات'!$E$15,1),0))) | N24: =IF($B24="","",IF(H24="","",IFERROR(ROUND(IF('دليل المؤشرات'!$D$16="↓",MIN('دليل المؤشرات'!$F$16/H24,1),IF('دليل المؤشرات'!$D$16="★",H24/10,MIN(H24/'دليل المؤشرات'!$F$16,1)))*'دليل المؤشرات'!$E$16,1),0))) | O24: =IF(B24="","",ROUND(SUM(I24:N24),1)) | P24: =IF(O24="","",IF(O24>=90,"أداء متميز",IF(O24>=75,"يفوق التوقعات",IF(O24>=60,"يلبّي التوقعات",IF(O24>=45,"يحتاج تطوير","غير مُرضٍ")))))
A25: 22 | I25: =IF($B25="","",IF(C25="","",IFERROR(ROUND(IF('دليل المؤشرات'!$D$11="↓",MIN('دليل المؤشرات'!$F$11/C25,1),IF('دليل المؤشرات'!$D$11="★",C25/10,MIN(C25/'دليل المؤشرات'!$F$11,1)))*'دليل المؤشرات'!$E$11,1),0))) | J25: =IF($B25="","",IF(D25="","",IFERROR(ROUND(IF('دليل المؤشرات'!$D$12="↓",MIN('دليل المؤشرات'!$F$12/D25,1),IF('دليل المؤشرات'!$D$12="★",D25/10,MIN(D25/'دليل المؤشرات'!$F$12,1)))*'دليل المؤشرات'!$E$12,1),0))) | K25: =IF($B25="","",IF(E25="","",IFERROR(ROUND(IF('دليل المؤشرات'!$D$13="↓",MIN('دليل المؤشرات'!$F$13/E25,1),IF('دليل المؤشرات'!$D$13="★",E25/10,MIN(E25/'دليل المؤشرات'!$F$13,1)))*'دليل المؤشرات'!$E$13,1),0))) | L25: =IF($B25="","",IF(F25="","",IFERROR(ROUND(IF('دليل المؤشرات'!$D$14="↓",MIN('دليل المؤشرات'!$F$14/F25,1),IF('دليل المؤشرات'!$D$14="★",F25/10,MIN(F25/'دليل المؤشرات'!$F$14,1)))*'دليل المؤشرات'!$E$14,1),0))) | M25: =IF($B25="","",IF(G25="","",IFERROR(ROUND(IF('دليل المؤشرات'!$D$15="↓",MIN('دليل المؤشرات'!$F$15/G25,1),IF('دليل المؤشرات'!$D$15="★",G25/10,MIN(G25/'دليل المؤشرات'!$F$15,1)))*'دليل المؤشرات'!$E$15,1),0))) | N25: =IF($B25="","",IF(H25="","",IFERROR(ROUND(IF('دليل المؤشرات'!$D$16="↓",MIN('دليل المؤشرات'!$F$16/H25,1),IF('دليل المؤشرات'!$D$16="★",H25/10,MIN(H25/'دليل المؤشرات'!$F$16,1)))*'دليل المؤشرات'!$E$16,1),0))) | O25: =IF(B25="","",ROUND(SUM(I25:N25),1)) | P25: =IF(O25="","",IF(O25>=90,"أداء متميز",IF(O25>=75,"يفوق التوقعات",IF(O25>=60,"يلبّي التوقعات",IF(O25>=45,"يحتاج تطوير","غير مُرضٍ")))))
A26: 23 | I26: =IF($B26="","",IF(C26="","",IFERROR(ROUND(IF('دليل المؤشرات'!$D$11="↓",MIN('دليل المؤشرات'!$F$11/C26,1),IF('دليل المؤشرات'!$D$11="★",C26/10,MIN(C26/'دليل المؤشرات'!$F$11,1)))*'دليل المؤشرات'!$E$11,1),0))) | J26: =IF($B26="","",IF(D26="","",IFERROR(ROUND(IF('دليل المؤشرات'!$D$12="↓",MIN('دليل المؤشرات'!$F$12/D26,1),IF('دليل المؤشرات'!$D$12="★",D26/10,MIN(D26/'دليل المؤشرات'!$F$12,1)))*'دليل المؤشرات'!$E$12,1),0))) | K26: =IF($B26="","",IF(E26="","",IFERROR(ROUND(IF('دليل المؤشرات'!$D$13="↓",MIN('دليل المؤشرات'!$F$13/E26,1),IF('دليل المؤشرات'!$D$13="★",E26/10,MIN(E26/'دليل المؤشرات'!$F$13,1)))*'دليل المؤشرات'!$E$13,1),0))) | L26: =IF($B26="","",IF(F26="","",IFERROR(ROUND(IF('دليل المؤشرات'!$D$14="↓",MIN('دليل المؤشرات'!$F$14/F26,1),IF('دليل المؤشرات'!$D$14="★",F26/10,MIN(F26/'دليل المؤشرات'!$F$14,1)))*'دليل المؤشرات'!$E$14,1),0))) | M26: =IF($B26="","",IF(G26="","",IFERROR(ROUND(IF('دليل المؤشرات'!$D$15="↓",MIN('دليل المؤشرات'!$F$15/G26,1),IF('دليل المؤشرات'!$D$15="★",G26/10,MIN(G26/'دليل المؤشرات'!$F$15,1)))*'دليل المؤشرات'!$E$15,1),0))) | N26: =IF($B26="","",IF(H26="","",IFERROR(ROUND(IF('دليل المؤشرات'!$D$16="↓",MIN('دليل المؤشرات'!$F$16/H26,1),IF('دليل المؤشرات'!$D$16="★",H26/10,MIN(H26/'دليل المؤشرات'!$F$16,1)))*'دليل المؤشرات'!$E$16,1),0))) | O26: =IF(B26="","",ROUND(SUM(I26:N26),1)) | P26: =IF(O26="","",IF(O26>=90,"أداء متميز",IF(O26>=75,"يفوق التوقعات",IF(O26>=60,"يلبّي التوقعات",IF(O26>=45,"يحتاج تطوير","غير مُرضٍ")))))
A27: 24 | I27: =IF($B27="","",IF(C27="","",IFERROR(ROUND(IF('دليل المؤشرات'!$D$11="↓",MIN('دليل المؤشرات'!$F$11/C27,1),IF('دليل المؤشرات'!$D$11="★",C27/10,MIN(C27/'دليل المؤشرات'!$F$11,1)))*'دليل المؤشرات'!$E$11,1),0))) | J27: =IF($B27="","",IF(D27="","",IFERROR(ROUND(IF('دليل المؤشرات'!$D$12="↓",MIN('دليل المؤشرات'!$F$12/D27,1),IF('دليل المؤشرات'!$D$12="★",D27/10,MIN(D27/'دليل المؤشرات'!$F$12,1)))*'دليل المؤشرات'!$E$12,1),0))) | K27: =IF($B27="","",IF(E27="","",IFERROR(ROUND(IF('دليل المؤشرات'!$D$13="↓",MIN('دليل المؤشرات'!$F$13/E27,1),IF('دليل المؤشرات'!$D$13="★",E27/10,MIN(E27/'دليل المؤشرات'!$F$13,1)))*'دليل المؤشرات'!$E$13,1),0))) | L27: =IF($B27="","",IF(F27="","",IFERROR(ROUND(IF('دليل المؤشرات'!$D$14="↓",MIN('دليل المؤشرات'!$F$14/F27,1),IF('دليل المؤشرات'!$D$14="★",F27/10,MIN(F27/'دليل المؤشرات'!$F$14,1)))*'دليل المؤشرات'!$E$14,1),0))) | M27: =IF($B27="","",IF(G27="","",IFERROR(ROUND(IF('دليل المؤشرات'!$D$15="↓",MIN('دليل المؤشرات'!$F$15/G27,1),IF('دليل المؤشرات'!$D$15="★",G27/10,MIN(G27/'دليل المؤشرات'!$F$15,1)))*'دليل المؤشرات'!$E$15,1),0))) | N27: =IF($B27="","",IF(H27="","",IFERROR(ROUND(IF('دليل المؤشرات'!$D$16="↓",MIN('دليل المؤشرات'!$F$16/H27,1),IF('دليل المؤشرات'!$D$16="★",H27/10,MIN(H27/'دليل المؤشرات'!$F$16,1)))*'دليل المؤشرات'!$E$16,1),0))) | O27: =IF(B27="","",ROUND(SUM(I27:N27),1)) | P27: =IF(O27="","",IF(O27>=90,"أداء متميز",IF(O27>=75,"يفوق التوقعات",IF(O27>=60,"يلبّي التوقعات",IF(O27>=45,"يحتاج تطوير","غير مُرضٍ")))))
A28: 25 | I28: =IF($B28="","",IF(C28="","",IFERROR(ROUND(IF('دليل المؤشرات'!$D$11="↓",MIN('دليل المؤشرات'!$F$11/C28,1),IF('دليل المؤشرات'!$D$11="★",C28/10,MIN(C28/'دليل المؤشرات'!$F$11,1)))*'دليل المؤشرات'!$E$11,1),0))) | J28: =IF($B28="","",IF(D28="","",IFERROR(ROUND(IF('دليل المؤشرات'!$D$12="↓",MIN('دليل المؤشرات'!$F$12/D28,1),IF('دليل المؤشرات'!$D$12="★",D28/10,MIN(D28/'دليل المؤشرات'!$F$12,1)))*'دليل المؤشرات'!$E$12,1),0))) | K28: =IF($B28="","",IF(E28="","",IFERROR(ROUND(IF('دليل المؤشرات'!$D$13="↓",MIN('دليل المؤشرات'!$F$13/E28,1),IF('دليل المؤشرات'!$D$13="★",E28/10,MIN(E28/'دليل المؤشرات'!$F$13,1)))*'دليل المؤشرات'!$E$13,1),0))) | L28: =IF($B28="","",IF(F28="","",IFERROR(ROUND(IF('دليل المؤشرات'!$D$14="↓",MIN('دليل المؤشرات'!$F$14/F28,1),IF('دليل المؤشرات'!$D$14="★",F28/10,MIN(F28/'دليل المؤشرات'!$F$14,1)))*'دليل المؤشرات'!$E$14,1),0))) | M28: =IF($B28="","",IF(G28="","",IFERROR(ROUND(IF('دليل المؤشرات'!$D$15="↓",MIN('دليل المؤشرات'!$F$15/G28,1),IF('دليل المؤشرات'!$D$15="★",G28/10,MIN(G28/'دليل المؤشرات'!$F$15,1)))*'دليل المؤشرات'!$E$15,1),0))) | N28: =IF($B28="","",IF(H28="","",IFERROR(ROUND(IF('دليل المؤشرات'!$D$16="↓",MIN('دليل المؤشرات'!$F$16/H28,1),IF('دليل المؤشرات'!$D$16="★",H28/10,MIN(H28/'دليل المؤشرات'!$F$16,1)))*'دليل المؤشرات'!$E$16,1),0))) | O28: =IF(B28="","",ROUND(SUM(I28:N28),1)) | P28: =IF(O28="","",IF(O28>=90,"أداء متميز",IF(O28>=75,"يفوق التوقعات",IF(O28>=60,"يلبّي التوقعات",IF(O28>=45,"يحتاج تطوير","غير مُرضٍ")))))
B30: متوسط القسم (يتجاهل الصفوف الفارغة) | O30: =IFERROR(ROUND(AVERAGE(O4:O28),1),0) -> 75.2 | P30: =COUNTA(B4:B28)&" موظف" -> 18 موظف

Sheet التعلم والتطوير
A1: بطاقة مؤشرات الأداء — التعلم والتطوير (L&D) | المجموع 100 نقطة · صفر على الحضور
A2: # | B2: اسم الموظف | C2: تحسّن الأداء بعد التدريب % | D2: نسبة إكمال البرامج % | E2: تغطية خطط التطوير IDP % | F2: رضا المتدربين (من 5) | G2: ساعات التدريب المنفّذة | H2: احتفاظ بالمواهب المدرّبة % | I2: د1 | J2: د2 | K2: د3 | L2: د4 | M2: د5 | N2: د6 | O2: الإجمالي | P2: النتيجة
B3: الهدف ← | → الوزن | C3: ='دليل المؤشرات'!F18 -> 15 | D3: ='دليل المؤشرات'!F19 -> 85 | E3: ='دليل المؤشرات'!F20 -> 90 | F3: ='دليل المؤشرات'!F21 -> 4.5 | G3: ='دليل المؤشرات'!F22 -> 120 | H3: ='دليل المؤشرات'!F23 -> 90 | I3: ='دليل المؤشرات'!E18 -> 25 | J3: ='دليل المؤشرات'!E19 -> 20 | K3: ='دليل المؤشرات'!E20 -> 15 | L3: ='دليل المؤشرات'!E21 -> 15 | M3: ='دليل المؤشرات'!E22 -> 15 | N3: ='دليل المؤشرات'!E23 -> 10 | O3: 100
A4: 1 | B4: ناصر الدوسري | C4: 10.5 | D4: 62 | E4: 74 | F4: 3.2 | G4: 96 | H4: 73 | I4: =IF($B4="","",IF(C4="","",IFERROR(ROUND(IF('دليل المؤشرات'!$D$18="↓",MIN('دليل المؤشرات'!$F$18/C4,1),IF('دليل المؤشرات'!$D$18="★",C4/10,MIN(C4/'دليل المؤشرات'!$F$18,1)))*'دليل المؤشرات'!$E$18,1),0))) -> 17.5 | J4: =IF($B4="","",IF(D4="","",IFERROR(ROUND(IF('دليل المؤشرات'!$D$19="↓",MIN('دليل المؤشرات'!$F$19/D4,1),IF('دليل المؤشرات'!$D$19="★",D4/10,MIN(D4/'دليل المؤشرات'!$F$19,1)))*'دليل المؤشرات'!$E$19,1),0))) -> 14.6 | K4: =IF($B4="","",IF(E4="","",IFERROR(ROUND(IF('دليل المؤشرات'!$D$20="↓",MIN('دليل المؤشرات'!$F$20/E4,1),IF('دليل المؤشرات'!$D$20="★",E4/10,MIN(E4/'دليل المؤشرات'!$F$20,1)))*'دليل المؤشرات'!$E$20,1),0))) -> 12.3 | L4: =IF($B4="","",IF(F4="","",IFERROR(ROUND(IF('دليل المؤشرات'!$D$21="↓",MIN('دليل المؤشرات'!$F$21/F4,1),IF('دليل المؤشرات'!$D$21="★",F4/10,MIN(F4/'دليل المؤشرات'!$F$21,1)))*'دليل المؤشرات'!$E$21,1),0))) -> 10.7 | M4: =IF($B4="","",IF(G4="","",IFERROR(ROUND(IF('دليل المؤشرات'!$D$22="↓",MIN('دليل المؤشرات'!$F$22/G4,1),IF('دليل المؤشرات'!$D$22="★",G4/10,MIN(G4/'دليل المؤشرات'!$F$22,1)))*'دليل المؤشرات'!$E$22,1),0))) -> 12 | N4: =IF($B4="","",IF(H4="","",IFERROR(ROUND(IF('دليل المؤشرات'!$D$23="↓",MIN('دليل المؤشرات'!$F$23/H4,1),IF('دليل المؤشرات'!$D$23="★",H4/10,MIN(H4/'دليل المؤشرات'!$F$23,1)))*'دليل المؤشرات'!$E$23,1),0))) -> 8.1 | O4: =IF(B4="","",ROUND(SUM(I4:N4),1)) -> 75.2 | P4: =IF(O4="","",IF(O4>=90,"أداء متميز",IF(O4>=75,"يفوق التوقعات",IF(O4>=60,"يلبّي التوقعات",IF(O4>=45,"يحتاج تطوير","غير مُرضٍ"))))) -> يفوق التوقعات
A5: 2 | B5: سعد المطيري | C5: 11.4 | D5: 75 | E5: 74 | F5: 3.8 | G5: 90 | H5: 67 | I5: =IF($B5="","",IF(C5="","",IFERROR(ROUND(IF('دليل المؤشرات'!$D$18="↓",MIN('دليل المؤشرات'!$F$18/C5,1),IF('دليل المؤشرات'!$D$18="★",C5/10,MIN(C5/'دليل المؤشرات'!$F$18,1)))*'دليل المؤشرات'!$E$18,1),0))) -> 19 | J5: =IF($B5="","",IF(D5="","",IFERROR(ROUND(IF('دليل المؤشرات'!$D$19="↓",MIN('دليل المؤشرات'!$F$19/D5,1),IF('دليل المؤشرات'!$D$19="★",D5/10,MIN(D5/'دليل المؤشرات'!$F$19,1)))*'دليل المؤشرات'!$E$19,1),0))) -> 17.6 | K5: =IF($B5="","",IF(E5="","",IFERROR(ROUND(IF('دليل المؤشرات'!$D$20="↓",MIN('دليل المؤشرات'!$F$20/E5,1),IF('دليل المؤشرات'!$D$20="★",E5/10,MIN(E5/'دليل المؤشرات'!$F$20,1)))*'دليل المؤشرات'!$E$20,1),0))) -> 12.3 | L5: =IF($B5="","",IF(F5="","",IFERROR(ROUND(IF('دليل المؤشرات'!$D$21="↓",MIN('دليل المؤشرات'!$F$21/F5,1),IF('دليل المؤشرات'!$D$21="★",F5/10,MIN(F5/'دليل المؤشرات'!$F$21,1)))*'دليل المؤشرات'!$E$21,1),0))) -> 12.7 | M5: =IF($B5="","",IF(G5="","",IFERROR(ROUND(IF('دليل المؤشرات'!$D$22="↓",MIN('دليل المؤشرات'!$F$22/G5,1),IF('دليل المؤشرات'!$D$22="★",G5/10,MIN(G5/'دليل المؤشرات'!$F$22,1)))*'دليل المؤشرات'!$E$22,1),0))) -> 11.3 | N5: =IF($B5="","",IF(H5="","",IFERROR(ROUND(IF('دليل المؤشرات'!$D$23="↓",MIN('دليل المؤشرات'!$F$23/H5,1),IF('دليل المؤشرات'!$D$23="★",H5/10,MIN(H5/'دليل المؤشرات'!$F$23,1)))*'دليل المؤشرات'!$E$23,1),0))) -> 7.4 | O5: =IF(B5="","",ROUND(SUM(I5:N5),1)) -> 80.3 | P5: =IF(O5="","",IF(O5>=90,"أداء متميز",IF(O5>=75,"يفوق التوقعات",IF(O5>=60,"يلبّي التوقعات",IF(O5>=45,"يحتاج تطوير","غير مُرضٍ"))))) -> يفوق التوقعات
A6: 3 | B6: سعود الشهري | C6: 12.4 | D6: 66 | E6: 72 | F6: 3.1 | G6: 97 | H6: 62 | I6: =IF($B6="","",IF(C6="","",IFERROR(ROUND(IF('دليل المؤشرات'!$D$18="↓",MIN('دليل المؤشرات'!$F$18/C6,1),IF('دليل المؤشرات'!$D$18="★",C6/10,MIN(C6/'دليل المؤشرات'!$F$18,1)))*'دليل المؤشرات'!$E$18,1),0))) -> 20.7 | J6: =IF($B6="","",IF(D6="","",IFERROR(ROUND(IF('دليل المؤشرات'!$D$19="↓",MIN('دليل المؤشرات'!$F$19/D6,1),IF('دليل المؤشرات'!$D$19="★",D6/10,MIN(D6/'دليل المؤشرات'!$F$19,1)))*'دليل المؤشرات'!$E$19,1),0))) -> 15.5 | K6: =IF($B6="","",IF(E6="","",IFERROR(ROUND(IF('دليل المؤشرات'!$D$20="↓",MIN('دليل المؤشرات'!$F$20/E6,1),IF('دليل المؤشرات'!$D$20="★",E6/10,MIN(E6/'دليل المؤشرات'!$F$20,1)))*'دليل المؤشرات'!$E$20,1),0))) -> 12 | L6: =IF($B6="","",IF(F6="","",IFERROR(ROUND(IF('دليل المؤشرات'!$D$21="↓",MIN('دليل المؤشرات'!$F$21/F6,1),IF('دليل المؤشرات'!$D$21="★",F6/10,MIN(F6/'دليل المؤشرات'!$F$21,1)))*'دليل المؤشرات'!$E$21,1),0))) -> 10.3 | M6: =IF($B6="","",IF(G6="","",IFERROR(ROUND(IF('دليل المؤشرات'!$D$22="↓",MIN('دليل المؤشرات'!$F$22/G6,1),IF('دليل المؤشرات'!$D$22="★",G6/10,MIN(G6/'دليل المؤشرات'!$F$22,1)))*'دليل المؤشرات'!$E$22,1),0))) -> 12.1 | N6: =IF($B6="","",IF(H6="","",IFERROR(ROUND(IF('دليل المؤشرات'!$D$23="↓",MIN('دليل المؤشرات'!$F$23/H6,1),IF('دليل المؤشرات'!$D$23="★",H6/10,MIN(H6/'دليل المؤشرات'!$F$23,1)))*'دليل المؤشرات'!$E$23,1),0))) -> 6.9 | O6: =IF(B6="","",ROUND(SUM(I6:N6),1)) -> 77.5 | P6: =IF(O6="","",IF(O6>=90,"أداء متميز",IF(O6>=75,"يفوق التوقعات",IF(O6>=60,"يلبّي التوقعات",IF(O6>=45,"يحتاج تطوير","غير مُرضٍ"))))) -> يفوق التوقعات
A7: 4 | B7: ماجد الشهراني | C7: 9.1 | D7: 62 | E7: 59 | F7: 3.3 | G7: 82 | H7: 55 | I7: =IF($B7="","",IF(C7="","",IFERROR(ROUND(IF('دليل المؤشرات'!$D$18="↓",MIN('دليل المؤشرات'!$F$18/C7,1),IF('دليل المؤشرات'!$D$18="★",C7/10,MIN(C7/'دليل المؤشرات'!$F$18,1)))*'دليل المؤشرات'!$E$18,1),0))) -> 15.2 | J7: =IF($B7="","",IF(D7="","",IFERROR(ROUND(IF('دليل المؤشرات'!$D$19="↓",MIN('دليل المؤشرات'!$F$19/D7,1),IF('دليل المؤشرات'!$D$19="★",D7/10,MIN(D7/'دليل المؤشرات'!$F$19,1)))*'دليل المؤشرات'!$E$19,1),0))) -> 14.6 | K7: =IF($B7="","",IF(E7="","",IFERROR(ROUND(IF('دليل المؤشرات'!$D$20="↓",MIN('دليل المؤشرات'!$F$20/E7,1),IF('دليل المؤشرات'!$D$20="★",E7/10,MIN(E7/'دليل المؤشرات'!$F$20,1)))*'دليل المؤشرات'!$E$20,1),0))) -> 9.8 | L7: =IF($B7="","",IF(F7="","",IFERROR(ROUND(IF('دليل المؤشرات'!$D$21="↓",MIN('دليل المؤشرات'!$F$21/F7,1),IF('دليل المؤشرات'!$D$21="★",F7/10,MIN(F7/'دليل المؤشرات'!$F$21,1)))*'دليل المؤشرات'!$E$21,1),0))) -> 11 | M7: =IF($B7="","",IF(G7="","",IFERROR(ROUND(IF('دليل المؤشرات'!$D$22="↓",MIN('دليل المؤشرات'!$F$22/G7,1),IF('دليل المؤشرات'!$D$22="★",G7/10,MIN(G7/'دليل المؤشرات'!$F$22,1)))*'دليل المؤشرات'!$E$22,1),0))) -> 10.3 | N7: =IF($B7="","",IF(H7="","",IFERROR(ROUND(IF('دليل المؤشرات'!$D$23="↓",MIN('دليل المؤشرات'!$F$23/H7,1),IF('دليل المؤشرات'!$D$23="★",H7/10,MIN(H7/'دليل المؤشرات'!$F$23,1)))*'دليل المؤشرات'!$E$23,1),0))) -> 6.1 | O7: =IF(B7="","",ROUND(SUM(I7:N7),1)) -> 67 | P7: =IF(O7="","",IF(O7>=90,"أداء متميز",IF(O7>=75,"يفوق التوقعات",IF(O7>=60,"يلبّي التوقعات",IF(O7>=45,"يحتاج تطوير","غير مُرضٍ"))))) -> يلبّي التوقعات
A8: 5 | B8: عبدالعزيز الشهري | C8: 9.9 | D8: 58 | E8: 63 | F8: 3.1 | G8: 92 | H8: 63 | I8: =IF($B8="","",IF(C8="","",IFERROR(ROUND(IF('دليل المؤشرات'!$D$18="↓",MIN('دليل المؤشرات'!$F$18/C8,1),IF('دليل المؤشرات'!$D$18="★",C8/10,MIN(C8/'دليل المؤشرات'!$F$18,1)))*'دليل المؤشرات'!$E$18,1),0))) -> 16.5 | J8: =IF($B8="","",IF(D8="","",IFERROR(ROUND(IF('دليل المؤشرات'!$D$19="↓",MIN('دليل المؤشرات'!$F$19/D8,1),IF('دليل المؤشرات'!$D$19="★",D8/10,MIN(D8/'دليل المؤشرات'!$F$19,1)))*'دليل المؤشرات'!$E$19,1),0))) -> 13.6 | K8: =IF($B8="","",IF(E8="","",IFERROR(ROUND(IF('دليل المؤشرات'!$D$20="↓",MIN('دليل المؤشرات'!$F$20/E8,1),IF('دليل المؤشرات'!$D$20="★",E8/10,MIN(E8/'دليل المؤشرات'!$F$20,1)))*'دليل المؤشرات'!$E$20,1),0))) -> 10.5 | L8: =IF($B8="","",IF(F8="","",IFERROR(ROUND(IF('دليل المؤشرات'!$D$21="↓",MIN('دليل المؤشرات'!$F$21/F8,1),IF('دليل المؤشرات'!$D$21="★",F8/10,MIN(F8/'دليل المؤشرات'!$F$21,1)))*'دليل المؤشرات'!$E$21,1),0))) -> 10.3 | M8: =IF($B8="","",IF(G8="","",IFERROR(ROUND(IF('دليل المؤشرات'!$D$22="↓",MIN('دليل المؤشرات'!$F$22/G8,1),IF('دليل المؤشرات'!$D$22="★",G8/10,MIN(G8/'دليل المؤشرات'!$F$22,1)))*'دليل المؤشرات'!$E$22,1),0))) -> 11.5 | N8: =IF($B8="","",IF(H8="","",IFERROR(ROUND(IF('دليل المؤشرات'!$D$23="↓",MIN('دليل المؤشرات'!$F$23/H8,1),IF('دليل المؤشرات'!$D$23="★",H8/10,MIN(H8/'دليل المؤشرات'!$F$23,1)))*'دليل المؤشرات'!$E$23,1),0))) -> 7 | O8: =IF(B8="","",ROUND(SUM(I8:N8),1)) -> 69.4 | P8: =IF(O8="","",IF(O8>=90,"أداء متميز",IF(O8>=75,"يفوق التوقعات",IF(O8>=60,"يلبّي التوقعات",IF(O8>=45,"يحتاج تطوير","غير مُرضٍ"))))) -> يلبّي التوقعات
A9: 6 | B9: غادة الحربي | C9: 6.7 | D9: 42 | E9: 46 | F9: 1.9 | G9: 51 | H9: 42 | I9: =IF($B9="","",IF(C9="","",IFERROR(ROUND(IF('دليل المؤشرات'!$D$18="↓",MIN('دليل المؤشرات'!$F$18/C9,1),IF('دليل المؤشرات'!$D$18="★",C9/10,MIN(C9/'دليل المؤشرات'!$F$18,1)))*'دليل المؤشرات'!$E$18,1),0))) -> 11.2 | J9: =IF($B9="","",IF(D9="","",IFERROR(ROUND(IF('دليل المؤشرات'!$D$19="↓",MIN('دليل المؤشرات'!$F$19/D9,1),IF('دليل المؤشرات'!$D$19="★",D9/10,MIN(D9/'دليل المؤشرات'!$F$19,1)))*'دليل المؤشرات'!$E$19,1),0))) -> 9.9 | K9: =IF($B9="","",IF(E9="","",IFERROR(ROUND(IF('دليل المؤشرات'!$D$20="↓",MIN('دليل المؤشرات'!$F$20/E9,1),IF('دليل المؤشرات'!$D$20="★",E9/10,MIN(E9/'دليل المؤشرات'!$F$20,1)))*'دليل المؤشرات'!$E$20,1),0))) -> 7.7 | L9: =IF($B9="","",IF(F9="","",IFERROR(ROUND(IF('دليل المؤشرات'!$D$21="↓",MIN('دليل المؤشرات'!$F$21/F9,1),IF('دليل المؤشرات'!$D$21="★",F9/10,MIN(F9/'دليل المؤشرات'!$F$21,1)))*'دليل المؤشرات'!$E$21,1),0))) -> 6.3 | M9: =IF($B9="","",IF(G9="","",IFERROR(ROUND(IF('دليل المؤشرات'!$D$22="↓",MIN('دليل المؤشرات'!$F$22/G9,1),IF('دليل المؤشرات'!$D$22="★",G9/10,MIN(G9/'دليل المؤشرات'!$F$22,1)))*'دليل المؤشرات'!$E$22,1),0))) -> 6.4 | N9: =IF($B9="","",IF(H9="","",IFERROR(ROUND(IF('دليل المؤشرات'!$D$23="↓",MIN('دليل المؤشرات'!$F$23/H9,1),IF('دليل المؤشرات'!$D$23="★",H9/10,MIN(H9/'دليل المؤشرات'!$F$23,1)))*'دليل المؤشرات'!$E$23,1),0))) -> 4.7 | O9: =IF(B9="","",ROUND(SUM(I9:N9),1)) -> 46.2 | P9: =IF(O9="","",IF(O9>=90,"أداء متميز",IF(O9>=75,"يفوق التوقعات",IF(O9>=60,"يلبّي التوقعات",IF(O9>=45,"يحتاج تطوير","غير مُرضٍ"))))) -> يحتاج تطوير
A10: 7 | B10: عبدالرحمن الشهراني | C10: 13.9 | D10: 91 | E10: 89 | F10: 4.5 | G10: 129 | H10: 88 | I10: =IF($B10="","",IF(C10="","",IFERROR(ROUND(IF('دليل المؤشرات'!$D$18="↓",MIN('دليل المؤشرات'!$F$18/C10,1),IF('دليل المؤشرات'!$D$18="★",C10/10,MIN(C10/'دليل المؤشرات'!$F$18,1)))*'دليل المؤشرات'!$E$18,1),0))) -> 23.2 | J10: =IF($B10="","",IF(D10="","",IFERROR(ROUND(IF('دليل المؤشرات'!$D$19="↓",MIN('دليل المؤشرات'!$F$19/D10,1),IF('دليل المؤشرات'!$D$19="★",D10/10,MIN(D10/'دليل المؤشرات'!$F$19,1)))*'دليل المؤشرات'!$E$19,1),0))) -> 20 | K10: =IF($B10="","",IF(E10="","",IFERROR(ROUND(IF('دليل المؤشرات'!$D$20="↓",MIN('دليل المؤشرات'!$F$20/E10,1),IF('دليل المؤشرات'!$D$20="★",E10/10,MIN(E10/'دليل المؤشرات'!$F$20,1)))*'دليل المؤشرات'!$E$20,1),0))) -> 14.8 | L10: =IF($B10="","",IF(F10="","",IFERROR(ROUND(IF('دليل المؤشرات'!$D$21="↓",MIN('دليل المؤشرات'!$F$21/F10,1),IF('دليل المؤشرات'!$D$21="★",F10/10,MIN(F10/'دليل المؤشرات'!$F$21,1)))*'دليل المؤشرات'!$E$21,1),0))) -> 15 | M10: =IF($B10="","",IF(G10="","",IFERROR(ROUND(IF('دليل المؤشرات'!$D$22="↓",MIN('دليل المؤشرات'!$F$22/G10,1),IF('دليل المؤشرات'!$D$22="★",G10/10,MIN(G10/'دليل المؤشرات'!$F$22,1)))*'دليل المؤشرات'!$E$22,1),0))) -> 15 | N10: =IF($B10="","",IF(H10="","",IFERROR(ROUND(IF('دليل المؤشرات'!$D$23="↓",MIN('دليل المؤشرات'!$F$23/H10,1),IF('دليل المؤشرات'!$D$23="★",H10/10,MIN(H10/'دليل المؤشرات'!$F$23,1)))*'دليل المؤشرات'!$E$23,1),0))) -> 9.8 | O10: =IF(B10="","",ROUND(SUM(I10:N10),1)) -> 97.8 | P10: =IF(O10="","",IF(O10>=90,"أداء متميز",IF(O10>=75,"يفوق التوقعات",IF(O10>=60,"يلبّي التوقعات",IF(O10>=45,"يحتاج تطوير","غير مُرضٍ"))))) -> أداء متميز
A11: 8 | B11: غادة البقمي | C11: 12.4 | D11: 74 | E11: 69 | F11: 3.8 | G11: 99 | H11: 73 | I11: =IF($B11="","",IF(C11="","",IFERROR(ROUND(IF('دليل المؤشرات'!$D$18="↓",MIN('دليل المؤشرات'!$F$18/C11,1),IF('دليل المؤشرات'!$D$18="★",C11/10,MIN(C11/'دليل المؤشرات'!$F$18,1)))*'دليل المؤشرات'!$E$18,1),0))) -> 20.7 | J11: =IF($B11="","",IF(D11="","",IFERROR(ROUND(IF('دليل المؤشرات'!$D$19="↓",MIN('دليل المؤشرات'!$F$19/D11,1),IF('دليل المؤشرات'!$D$19="★",D11/10,MIN(D11/'دليل المؤشرات'!$F$19,1)))*'دليل المؤشرات'!$E$19,1),0))) -> 17.4 | K11: =IF($B11="","",IF(E11="","",IFERROR(ROUND(IF('دليل المؤشرات'!$D$20="↓",MIN('دليل المؤشرات'!$F$20/E11,1),IF('دليل المؤشرات'!$D$20="★",E11/10,MIN(E11/'دليل المؤشرات'!$F$20,1)))*'دليل المؤشرات'!$E$20,1),0))) -> 11.5 | L11: =IF($B11="","",IF(F11="","",IFERROR(ROUND(IF('دليل المؤشرات'!$D$21="↓",MIN('دليل المؤشرات'!$F$21/F11,1),IF('دليل المؤشرات'!$D$21="★",F11/10,MIN(F11/'دليل المؤشرات'!$F$21,1)))*'دليل المؤشرات'!$E$21,1),0))) -> 12.7 | M11: =IF($B11="","",IF(G11="","",IFERROR(ROUND(IF('دليل المؤشرات'!$D$22="↓",MIN('دليل المؤشرات'!$F$22/G11,1),IF('دليل المؤشرات'!$D$22="★",G11/10,MIN(G11/'دليل المؤشرات'!$F$22,1)))*'دليل المؤشرات'!$E$22,1),0))) -> 12.4 | N11: =IF($B11="","",IF(H11="","",IFERROR(ROUND(IF('دليل المؤشرات'!$D$23="↓",MIN('دليل المؤشرات'!$F$23/H11,1),IF('دليل المؤشرات'!$D$23="★",H11/10,MIN(H11/'دليل المؤشرات'!$F$23,1)))*'دليل المؤشرات'!$E$23,1),0))) -> 8.1 | O11: =IF(B11="","",ROUND(SUM(I11:N11),1)) -> 82.8 | P11: =IF(O11="","",IF(O11>=90,"أداء متميز",IF(O11>=75,"يفوق التوقعات",IF(O11>=60,"يلبّي التوقعات",IF(O11>=45,"يحتاج تطوير","غير مُرضٍ"))))) -> يفوق التوقعات
A12: 9 | B12: فهد الشمري | C12: 9.5 | D12: 61 | E12: 68 | F12: 3.1 | G12: 77 | H12: 65 | I12: =IF($B12="","",IF(C12="","",IFERROR(ROUND(IF('دليل المؤشرات'!$D$18="↓",MIN('دليل المؤشرات'!$F$18/C12,1),IF('دليل المؤشرات'!$D$18="★",C12/10,MIN(C12/'دليل المؤشرات'!$F$18,1)))*'دليل المؤشرات'!$E$18,1),0))) -> 15.8 | J12: =IF($B12="","",IF(D12="","",IFERROR(ROUND(IF('دليل المؤشرات'!$D$19="↓",MIN('دليل المؤشرات'!$F$19/D12,1),IF('دليل المؤشرات'!$D$19="★",D12/10,MIN(D12/'دليل المؤشرات'!$F$19,1)))*'دليل المؤشرات'!$E$19,1),0))) -> 14.4 | K12: =IF($B12="","",IF(E12="","",IFERROR(ROUND(IF('دليل المؤشرات'!$D$20="↓",MIN('دليل المؤشرات'!$F$20/E12,1),IF('دليل المؤشرات'!$D$20="★",E12/10,MIN(E12/'دليل المؤشرات'!$F$20,1)))*'دليل المؤشرات'!$E$20,1),0))) -> 11.3 | L12: =IF($B12="","",IF(F12="","",IFERROR(ROUND(IF('دليل المؤشرات'!$D$21="↓",MIN('دليل المؤشرات'!$F$21/F12,1),IF('دليل المؤشرات'!$D$21="★",F12/10,MIN(F12/'دليل المؤشرات'!$F$21,1)))*'دليل المؤشرات'!$E$21,1),0))) -> 10.3 | M12: =IF($B12="","",IF(G12="","",IFERROR(ROUND(IF('دليل المؤشرات'!$D$22="↓",MIN('دليل المؤشرات'!$F$22/G12,1),IF('دليل المؤشرات'!$D$22="★",G12/10,MIN(G12/'دليل المؤشرات'!$F$22,1)))*'دليل المؤشرات'!$E$22,1),0))) -> 9.6 | N12: =IF($B12="","",IF(H12="","",IFERROR(ROUND(IF('دليل المؤشرات'!$D$23="↓",MIN('دليل المؤشرات'!$F$23/H12,1),IF('دليل المؤشرات'!$D$23="★",H12/10,MIN(H12/'دليل المؤشرات'!$F$23,1)))*'دليل المؤشرات'!$E$23,1),0))) -> 7.2 | O12: =IF(B12="","",ROUND(SUM(I12:N12),1)) -> 68.6 | P12: =IF(O12="","",IF(O12>=90,"أداء متميز",IF(O12>=75,"يفوق التوقعات",IF(O12>=60,"يلبّي التوقعات",IF(O12>=45,"يحتاج تطوير","غير مُرضٍ"))))) -> يلبّي التوقعات
A13: 10 | B13: لمى الجهني | C13: 14 | D13: 73 | E13: 77 | F13: 3.9 | G13: 107 | H13: 76 | I13: =IF($B13="","",IF(C13="","",IFERROR(ROUND(IF('دليل المؤشرات'!$D$18="↓",MIN('دليل المؤشرات'!$F$18/C13,1),IF('دليل المؤشرات'!$D$18="★",C13/10,MIN(C13/'دليل المؤشرات'!$F$18,1)))*'دليل المؤشرات'!$E$18,1),0))) -> 23.3 | J13: =IF($B13="","",IF(D13="","",IFERROR(ROUND(IF('دليل المؤشرات'!$D$19="↓",MIN('دليل المؤشرات'!$F$19/D13,1),IF('دليل المؤشرات'!$D$19="★",D13/10,MIN(D13/'دليل المؤشرات'!$F$19,1)))*'دليل المؤشرات'!$E$19,1),0))) -> 17.2 | K13: =IF($B13="","",IF(E13="","",IFERROR(ROUND(IF('دليل المؤشرات'!$D$20="↓",MIN('دليل المؤشرات'!$F$20/E13,1),IF('دليل المؤشرات'!$D$20="★",E13/10,MIN(E13/'دليل المؤشرات'!$F$20,1)))*'دليل المؤشرات'!$E$20,1),0))) -> 12.8 | L13: =IF($B13="","",IF(F13="","",IFERROR(ROUND(IF('دليل المؤشرات'!$D$21="↓",MIN('دليل المؤشرات'!$F$21/F13,1),IF('دليل المؤشرات'!$D$21="★",F13/10,MIN(F13/'دليل المؤشرات'!$F$21,1)))*'دليل المؤشرات'!$E$21,1),0))) -> 13 | M13: =IF($B13="","",IF(G13="","",IFERROR(ROUND(IF('دليل المؤشرات'!$D$22="↓",MIN('دليل المؤشرات'!$F$22/G13,1),IF('دليل المؤشرات'!$D$22="★",G13/10,MIN(G13/'دليل المؤشرات'!$F$22,1)))*'دليل المؤشرات'!$E$22,1),0))) -> 13.4 | N13: =IF($B13="","",IF(H13="","",IFERROR(ROUND(IF('دليل المؤشرات'!$D$23="↓",MIN('دليل المؤشرات'!$F$23/H13,1),IF('دليل المؤشرات'!$D$23="★",H13/10,MIN(H13/'دليل المؤشرات'!$F$23,1)))*'دليل المؤشرات'!$E$23,1),0))) -> 8.4 | O13: =IF(B13="","",ROUND(SUM(I13:N13),1)) -> 88.1 | P13: =IF(O13="","",IF(O13>=90,"أداء متميز",IF(O13>=75,"يفوق التوقعات",IF(O13>=60,"يلبّي التوقعات",IF(O13>=45,"يحتاج تطوير","غير مُرضٍ"))))) -> يفوق التوقعات
A14: 11 | B14: سارة الحارثي | C14: 10.2 | D14: 54 | E14: 68 | F14: 3 | G14: 79 | H14: 61 | I14: =IF($B14="","",IF(C14="","",IFERROR(ROUND(IF('دليل المؤشرات'!$D$18="↓",MIN('دليل المؤشرات'!$F$18/C14,1),IF('دليل المؤشرات'!$D$18="★",C14/10,MIN(C14/'دليل المؤشرات'!$F$18,1)))*'دليل المؤشرات'!$E$18,1),0))) -> 17 | J14: =IF($B14="","",IF(D14="","",IFERROR(ROUND(IF('دليل المؤشرات'!$D$19="↓",MIN('دليل المؤشرات'!$F$19/D14,1),IF('دليل المؤشرات'!$D$19="★",D14/10,MIN(D14/'دليل المؤشرات'!$F$19,1)))*'دليل المؤشرات'!$E$19,1),0))) -> 12.7 | K14: =IF($B14="","",IF(E14="","",IFERROR(ROUND(IF('دليل المؤشرات'!$D$20="↓",MIN('دليل المؤشرات'!$F$20/E14,1),IF('دليل المؤشرات'!$D$20="★",E14/10,MIN(E14/'دليل المؤشرات'!$F$20,1)))*'دليل المؤشرات'!$E$20,1),0))) -> 11.3 | L14: =IF($B14="","",IF(F14="","",IFERROR(ROUND(IF('دليل المؤشرات'!$D$21="↓",MIN('دليل المؤشرات'!$F$21/F14,1),IF('دليل المؤشرات'!$D$21="★",F14/10,MIN(F14/'دليل المؤشرات'!$F$21,1)))*'دليل المؤشرات'!$E$21,1),0))) -> 10 | M14: =IF($B14="","",IF(G14="","",IFERROR(ROUND(IF('دليل المؤشرات'!$D$22="↓",MIN('دليل المؤشرات'!$F$22/G14,1),IF('دليل المؤشرات'!$D$22="★",G14/10,MIN(G14/'دليل المؤشرات'!$F$22,1)))*'دليل المؤشرات'!$E$22,1),0))) -> 9.9 | N14: =IF($B14="","",IF(H14="","",IFERROR(ROUND(IF('دليل المؤشرات'!$D$23="↓",MIN('دليل المؤشرات'!$F$23/H14,1),IF('دليل المؤشرات'!$D$23="★",H14/10,MIN(H14/'دليل المؤشرات'!$F$23,1)))*'دليل المؤشرات'!$E$23,1),0))) -> 6.8 | O14: =IF(B14="","",ROUND(SUM(I14:N14),1)) -> 67.7 | P14: =IF(O14="","",IF(O14>=90,"أداء متميز",IF(O14>=75,"يفوق التوقعات",IF(O14>=60,"يلبّي التوقعات",IF(O14>=45,"يحتاج تطوير","غير مُرضٍ"))))) -> يلبّي التوقعات
A15: 12 | B15: نواف العنزي | C15: 12.3 | D15: 75 | E15: 74 | F15: 4.1 | G15: 95 | H15: 82 | I15: =IF($B15="","",IF(C15="","",IFERROR(ROUND(IF('دليل المؤشرات'!$D$18="↓",MIN('دليل المؤشرات'!$F$18/C15,1),IF('دليل المؤشرات'!$D$18="★",C15/10,MIN(C15/'دليل المؤشرات'!$F$18,1)))*'دليل المؤشرات'!$E$18,1),0))) -> 20.5 | J15: =IF($B15="","",IF(D15="","",IFERROR(ROUND(IF('دليل المؤشرات'!$D$19="↓",MIN('دليل المؤشرات'!$F$19/D15,1),IF('دليل المؤشرات'!$D$19="★",D15/10,MIN(D15/'دليل المؤشرات'!$F$19,1)))*'دليل المؤشرات'!$E$19,1),0))) -> 17.6 | K15: =IF($B15="","",IF(E15="","",IFERROR(ROUND(IF('دليل المؤشرات'!$D$20="↓",MIN('دليل المؤشرات'!$F$20/E15,1),IF('دليل المؤشرات'!$D$20="★",E15/10,MIN(E15/'دليل المؤشرات'!$F$20,1)))*'دليل المؤشرات'!$E$20,1),0))) -> 12.3 | L15: =IF($B15="","",IF(F15="","",IFERROR(ROUND(IF('دليل المؤشرات'!$D$21="↓",MIN('دليل المؤشرات'!$F$21/F15,1),IF('دليل المؤشرات'!$D$21="★",F15/10,MIN(F15/'دليل المؤشرات'!$F$21,1)))*'دليل المؤشرات'!$E$21,1),0))) -> 13.7 | M15: =IF($B15="","",IF(G15="","",IFERROR(ROUND(IF('دليل المؤشرات'!$D$22="↓",MIN('دليل المؤشرات'!$F$22/G15,1),IF('دليل المؤشرات'!$D$22="★",G15/10,MIN(G15/'دليل المؤشرات'!$F$22,1)))*'دليل المؤشرات'!$E$22,1),0))) -> 11.9 | N15: =IF($B15="","",IF(H15="","",IFERROR(ROUND(IF('دليل المؤشرات'!$D$23="↓",MIN('دليل المؤشرات'!$F$23/H15,1),IF('دليل المؤشرات'!$D$23="★",H15/10,MIN(H15/'دليل المؤشرات'!$F$23,1)))*'دليل المؤشرات'!$E$23,1),0))) -> 9.1 | O15: =IF(B15="","",ROUND(SUM(I15:N15),1)) -> 85.1 | P15: =IF(O15="","",IF(O15>=90,"أداء متميز",IF(O15>=75,"يفوق التوقعات",IF(O15>=60,"يلبّي التوقعات",IF(O15>=45,"يحتاج تطوير","غير مُرضٍ"))))) -> يفوق التوقعات
... A21: 18 | B21: سعود الجهني | C21: 8.5 | D21: 41 | E21: 47 | F21: 2.5 | G21: 62 | H21: 50 | I21: =IF($B21="","",IF(C21="","",IFERROR(ROUND(IF('دليل المؤشرات'!$D$18="↓",MIN('دليل المؤشرات'!$F$18/C21,1),IF('دليل المؤشرات'!$D$18="★",C21/10,MIN(C21/'دليل المؤشرات'!$F$18,1)))*'دليل المؤشرات'!$E$18,1),0))) -> 14.2 | J21: =IF($B21="","",IF(D21="","",IFERROR(ROUND(IF('دليل المؤشرات'!$D$19="↓",MIN('دليل المؤشرات'!$F$19/D21,1),IF('دليل المؤشرات'!$D$19="★",D21/10,MIN(D21/'دليل المؤشرات'!$F$19,1)))*'دليل المؤشرات'!$E$19,1),0))) -> 9.6 | K21: =IF($B21="","",IF(E21="","",IFERROR(ROUND(IF('دليل المؤشرات'!$D$20="↓",MIN('دليل المؤشرات'!$F$20/E21,1),IF('دليل المؤشرات'!$D$20="★",E21/10,MIN(E21/'دليل المؤشرات'!$F$20,1)))*'دليل المؤشرات'!$E$20,1),0))) -> 7.8 | L21: =IF($B21="","",IF(F21="","",IFERROR(ROUND(IF('دليل المؤشرات'!$D$21="↓",MIN('دليل المؤشرات'!$F$21/F21,1),IF('دليل المؤشرات'!$D$21="★",F21/10,MIN(F21/'دليل المؤشرات'!$F$21,1)))*'دليل المؤشرات'!$E$21,1),0))) -> 8.3 | M21: =IF($B21="","",IF(G21="","",IFERROR(ROUND(IF('دليل المؤشرات'!$D$22="↓",MIN('دليل المؤشرات'!$F$22/G21,1),IF('دليل المؤشرات'!$D$22="★",G21/10,MIN(G21/'دليل المؤشرات'!$F$22,1)))*'دليل المؤشرات'!$E$22,1),0))) -> 7.8 | N21: =IF($B21="","",IF(H21="","",IFERROR(ROUND(IF('دليل المؤشرات'!$D$23="↓",MIN('دليل المؤشرات'!$F$23/H21,1),IF('دليل المؤشرات'!$D$23="★",H21/10,MIN(H21/'دليل المؤشرات'!$F$23,1)))*'دليل المؤشرات'!$E$23,1),0))) -> 5.6 | O21: =IF(B21="","",ROUND(SUM(I21:N21),1)) -> 53.3 | P21: =IF(O21="","",IF(O21>=90,"أداء متميز",IF(O21>=75,"يفوق التوقعات",IF(O21>=60,"يلبّي التوقعات",IF(O21>=45,"يحتاج تطوير","غير مُرضٍ"))))) -> يحتاج تطوير
A22: 19 | I22: =IF($B22="","",IF(C22="","",IFERROR(ROUND(IF('دليل المؤشرات'!$D$18="↓",MIN('دليل المؤشرات'!$F$18/C22,1),IF('دليل المؤشرات'!$D$18="★",C22/10,MIN(C22/'دليل المؤشرات'!$F$18,1)))*'دليل المؤشرات'!$E$18,1),0))) | J22: =IF($B22="","",IF(D22="","",IFERROR(ROUND(IF('دليل المؤشرات'!$D$19="↓",MIN('دليل المؤشرات'!$F$19/D22,1),IF('دليل المؤشرات'!$D$19="★",D22/10,MIN(D22/'دليل المؤشرات'!$F$19,1)))*'دليل المؤشرات'!$E$19,1),0))) | K22: =IF($B22="","",IF(E22="","",IFERROR(ROUND(IF('دليل المؤشرات'!$D$20="↓",MIN('دليل المؤشرات'!$F$20/E22,1),IF('دليل المؤشرات'!$D$20="★",E22/10,MIN(E22/'دليل المؤشرات'!$F$20,1)))*'دليل المؤشرات'!$E$20,1),0))) | L22: =IF($B22="","",IF(F22="","",IFERROR(ROUND(IF('دليل المؤشرات'!$D$21="↓",MIN('دليل المؤشرات'!$F$21/F22,1),IF('دليل المؤشرات'!$D$21="★",F22/10,MIN(F22/'دليل المؤشرات'!$F$21,1)))*'دليل المؤشرات'!$E$21,1),0))) | M22: =IF($B22="","",IF(G22="","",IFERROR(ROUND(IF('دليل المؤشرات'!$D$22="↓",MIN('دليل المؤشرات'!$F$22/G22,1),IF('دليل المؤشرات'!$D$22="★",G22/10,MIN(G22/'دليل المؤشرات'!$F$22,1)))*'دليل المؤشرات'!$E$22,1),0))) | N22: =IF($B22="","",IF(H22="","",IFERROR(ROUND(IF('دليل المؤشرات'!$D$23="↓",MIN('دليل المؤشرات'!$F$23/H22,1),IF('دليل المؤشرات'!$D$23="★",H22/10,MIN(H22/'دليل المؤشرات'!$F$23,1)))*'دليل المؤشرات'!$E$23,1),0))) | O22: =IF(B22="","",ROUND(SUM(I22:N22),1)) | P22: =IF(O22="","",IF(O22>=90,"أداء متميز",IF(O22>=75,"يفوق التوقعات",IF(O22>=60,"يلبّي التوقعات",IF(O22>=45,"يحتاج تطوير","غير مُرضٍ")))))
A23: 20 | I23: =IF($B23="","",IF(C23="","",IFERROR(ROUND(IF('دليل المؤشرات'!$D$18="↓",MIN('دليل المؤشرات'!$F$18/C23,1),IF('دليل المؤشرات'!$D$18="★",C23/10,MIN(C23/'دليل المؤشرات'!$F$18,1)))*'دليل المؤشرات'!$E$18,1),0))) | J23: =IF($B23="","",IF(D23="","",IFERROR(ROUND(IF('دليل المؤشرات'!$D$19="↓",MIN('دليل المؤشرات'!$F$19/D23,1),IF('دليل المؤشرات'!$D$19="★",D23/10,MIN(D23/'دليل المؤشرات'!$F$19,1)))*'دليل المؤشرات'!$E$19,1),0))) | K23: =IF($B23="","",IF(E23="","",IFERROR(ROUND(IF('دليل المؤشرات'!$D$20="↓",MIN('دليل المؤشرات'!$F$20/E23,1),IF('دليل المؤشرات'!$D$20="★",E23/10,MIN(E23/'دليل المؤشرات'!$F$20,1)))*'دليل المؤشرات'!$E$20,1),0))) | L23: =IF($B23="","",IF(F23="","",IFERROR(ROUND(IF('دليل المؤشرات'!$D$21="↓",MIN('دليل المؤشرات'!$F$21/F23,1),IF('دليل المؤشرات'!$D$21="★",F23/10,MIN(F23/'دليل المؤشرات'!$F$21,1)))*'دليل المؤشرات'!$E$21,1),0))) | M23: =IF($B23="","",IF(G23="","",IFERROR(ROUND(IF('دليل المؤشرات'!$D$22="↓",MIN('دليل المؤشرات'!$F$22/G23,1),IF('دليل المؤشرات'!$D$22="★",G23/10,MIN(G23/'دليل المؤشرات'!$F$22,1)))*'دليل المؤشرات'!$E$22,1),0))) | N23: =IF($B23="","",IF(H23="","",IFERROR(ROUND(IF('دليل المؤشرات'!$D$23="↓",MIN('دليل المؤشرات'!$F$23/H23,1),IF('دليل المؤشرات'!$D$23="★",H23/10,MIN(H23/'دليل المؤشرات'!$F$23,1)))*'دليل المؤشرات'!$E$23,1),0))) | O23: =IF(B23="","",ROUND(SUM(I23:N23),1)) | P23: =IF(O23="","",IF(O23>=90,"أداء متميز",IF(O23>=75,"يفوق التوقعات",IF(O23>=60,"يلبّي التوقعات",IF(O23>=45,"يحتاج تطوير","غير مُرضٍ")))))
A24: 21 | I24: =IF($B24="","",IF(C24="","",IFERROR(ROUND(IF('دليل المؤشرات'!$D$18="↓",MIN('دليل المؤشرات'!$F$18/C24,1),IF('دليل المؤشرات'!$D$18="★",C24/10,MIN(C24/'دليل المؤشرات'!$F$18,1)))*'دليل المؤشرات'!$E$18,1),0))) | J24: =IF($B24="","",IF(D24="","",IFERROR(ROUND(IF('دليل المؤشرات'!$D$19="↓",MIN('دليل المؤشرات'!$F$19/D24,1),IF('دليل المؤشرات'!$D$19="★",D24/10,MIN(D24/'دليل المؤشرات'!$F$19,1)))*'دليل المؤشرات'!$E$19,1),0))) | K24: =IF($B24="","",IF(E24="","",IFERROR(ROUND(IF('دليل المؤشرات'!$D$20="↓",MIN('دليل المؤشرات'!$F$20/E24,1),IF('دليل المؤشرات'!$D$20="★",E24/10,MIN(E24/'دليل المؤشرات'!$F$20,1)))*'دليل المؤشرات'!$E$20,1),0))) | L24: =IF($B24="","",IF(F24="","",IFERROR(ROUND(IF('دليل المؤشرات'!$D$21="↓",MIN('دليل المؤشرات'!$F$21/F24,1),IF('دليل المؤشرات'!$D$21="★",F24/10,MIN(F24/'دليل المؤشرات'!$F$21,1)))*'دليل المؤشرات'!$E$21,1),0))) | M24: =IF($B24="","",IF(G24="","",IFERROR(ROUND(IF('دليل المؤشرات'!$D$22="↓",MIN('دليل المؤشرات'!$F$22/G24,1),IF('دليل المؤشرات'!$D$22="★",G24/10,MIN(G24/'دليل المؤشرات'!$F$22,1)))*'دليل المؤشرات'!$E$22,1),0))) | N24: =IF($B24="","",IF(H24="","",IFERROR(ROUND(IF('دليل المؤشرات'!$D$23="↓",MIN('دليل المؤشرات'!$F$23/H24,1),IF('دليل المؤشرات'!$D$23="★",H24/10,MIN(H24/'دليل المؤشرات'!$F$23,1)))*'دليل المؤشرات'!$E$23,1),0))) | O24: =IF(B24="","",ROUND(SUM(I24:N24),1)) | P24: =IF(O24="","",IF(O24>=90,"أداء متميز",IF(O24>=75,"يفوق التوقعات",IF(O24>=60,"يلبّي التوقعات",IF(O24>=45,"يحتاج تطوير","غير مُرضٍ")))))
A25: 22 | I25: =IF($B25="","",IF(C25="","",IFERROR(ROUND(IF('دليل المؤشرات'!$D$18="↓",MIN('دليل المؤشرات'!$F$18/C25,1),IF('دليل المؤشرات'!$D$18="★",C25/10,MIN(C25/'دليل المؤشرات'!$F$18,1)))*'دليل المؤشرات'!$E$18,1),0))) | J25: =IF($B25="","",IF(D25="","",IFERROR(ROUND(IF('دليل المؤشرات'!$D$19="↓",MIN('دليل المؤشرات'!$F$19/D25,1),IF('دليل المؤشرات'!$D$19="★",D25/10,MIN(D25/'دليل المؤشرات'!$F$19,1)))*'دليل المؤشرات'!$E$19,1),0))) | K25: =IF($B25="","",IF(E25="","",IFERROR(ROUND(IF('دليل المؤشرات'!$D$20="↓",MIN('دليل المؤشرات'!$F$20/E25,1),IF('دليل المؤشرات'!$D$20="★",E25/10,MIN(E25/'دليل المؤشرات'!$F$20,1)))*'دليل المؤشرات'!$E$20,1),0))) | L25: =IF($B25="","",IF(F25="","",IFERROR(ROUND(IF('دليل المؤشرات'!$D$21="↓",MIN('دليل المؤشرات'!$F$21/F25,1),IF('دليل المؤشرات'!$D$21="★",F25/10,MIN(F25/'دليل المؤشرات'!$F$21,1)))*'دليل المؤشرات'!$E$21,1),0))) | M25: =IF($B25="","",IF(G25="","",IFERROR(ROUND(IF('دليل المؤشرات'!$D$22="↓",MIN('دليل المؤشرات'!$F$22/G25,1),IF('دليل المؤشرات'!$D$22="★",G25/10,MIN(G25/'دليل المؤشرات'!$F$22,1)))*'دليل المؤشرات'!$E$22,1),0))) | N25: =IF($B25="","",IF(H25="","",IFERROR(ROUND(IF('دليل المؤشرات'!$D$23="↓",MIN('دليل المؤشرات'!$F$23/H25,1),IF('دليل المؤشرات'!$D$23="★",H25/10,MIN(H25/'دليل المؤشرات'!$F$23,1)))*'دليل المؤشرات'!$E$23,1),0))) | O25: =IF(B25="","",ROUND(SUM(I25:N25),1)) | P25: =IF(O25="","",IF(O25>=90,"أداء متميز",IF(O25>=75,"يفوق التوقعات",IF(O25>=60,"يلبّي التوقعات",IF(O25>=45,"يحتاج تطوير","غير مُرضٍ")))))
A26: 23 | I26: =IF($B26="","",IF(C26="","",IFERROR(ROUND(IF('دليل المؤشرات'!$D$18="↓",MIN('دليل المؤشرات'!$F$18/C26,1),IF('دليل المؤشرات'!$D$18="★",C26/10,MIN(C26/'دليل المؤشرات'!$F$18,1)))*'دليل المؤشرات'!$E$18,1),0))) | J26: =IF($B26="","",IF(D26="","",IFERROR(ROUND(IF('دليل المؤشرات'!$D$19="↓",MIN('دليل المؤشرات'!$F$19/D26,1),IF('دليل المؤشرات'!$D$19="★",D26/10,MIN(D26/'دليل المؤشرات'!$F$19,1)))*'دليل المؤشرات'!$E$19,1),0))) | K26: =IF($B26="","",IF(E26="","",IFERROR(ROUND(IF('دليل المؤشرات'!$D$20="↓",MIN('دليل المؤشرات'!$F$20/E26,1),IF('دليل المؤشرات'!$D$20="★",E26/10,MIN(E26/'دليل المؤشرات'!$F$20,1)))*'دليل المؤشرات'!$E$20,1),0))) | L26: =IF($B26="","",IF(F26="","",IFERROR(ROUND(IF('دليل المؤشرات'!$D$21="↓",MIN('دليل المؤشرات'!$F$21/F26,1),IF('دليل المؤشرات'!$D$21="★",F26/10,MIN(F26/'دليل المؤشرات'!$F$21,1)))*'دليل المؤشرات'!$E$21,1),0))) | M26: =IF($B26="","",IF(G26="","",IFERROR(ROUND(IF('دليل المؤشرات'!$D$22="↓",MIN('دليل المؤشرات'!$F$22/G26,1),IF('دليل المؤشرات'!$D$22="★",G26/10,MIN(G26/'دليل المؤشرات'!$F$22,1)))*'دليل المؤشرات'!$E$22,1),0))) | N26: =IF($B26="","",IF(H26="","",IFERROR(ROUND(IF('دليل المؤشرات'!$D$23="↓",MIN('دليل المؤشرات'!$F$23/H26,1),IF('دليل المؤشرات'!$D$23="★",H26/10,MIN(H26/'دليل المؤشرات'!$F$23,1)))*'دليل المؤشرات'!$E$23,1),0))) | O26: =IF(B26="","",ROUND(SUM(I26:N26),1)) | P26: =IF(O26="","",IF(O26>=90,"أداء متميز",IF(O26>=75,"يفوق التوقعات",IF(O26>=60,"يلبّي التوقعات",IF(O26>=45,"يحتاج تطوير","غير مُرضٍ")))))
A27: 24 | I27: =IF($B27="","",IF(C27="","",IFERROR(ROUND(IF('دليل المؤشرات'!$D$18="↓",MIN('دليل المؤشرات'!$F$18/C27,1),IF('دليل المؤشرات'!$D$18="★",C27/10,MIN(C27/'دليل المؤشرات'!$F$18,1)))*'دليل المؤشرات'!$E$18,1),0))) | J27: =IF($B27="","",IF(D27="","",IFERROR(ROUND(IF('دليل المؤشرات'!$D$19="↓",MIN('دليل المؤشرات'!$F$19/D27,1),IF('دليل المؤشرات'!$D$19="★",D27/10,MIN(D27/'دليل المؤشرات'!$F$19,1)))*'دليل المؤشرات'!$E$19,1),0))) | K27: =IF($B27="","",IF(E27="","",IFERROR(ROUND(IF('دليل المؤشرات'!$D$20="↓",MIN('دليل المؤشرات'!$F$20/E27,1),IF('دليل المؤشرات'!$D$20="★",E27/10,MIN(E27/'دليل المؤشرات'!$F$20,1)))*'دليل المؤشرات'!$E$20,1),0))) | L27: =IF($B27="","",IF(F27="","",IFERROR(ROUND(IF('دليل المؤشرات'!$D$21="↓",MIN('دليل المؤشرات'!$F$21/F27,1),IF('دليل المؤشرات'!$D$21="★",F27/10,MIN(F27/'دليل المؤشرات'!$F$21,1)))*'دليل المؤشرات'!$E$21,1),0))) | M27: =IF($B27="","",IF(G27="","",IFERROR(ROUND(IF('دليل المؤشرات'!$D$22="↓",MIN('دليل المؤشرات'!$F$22/G27,1),IF('دليل المؤشرات'!$D$22="★",G27/10,MIN(G27/'دليل المؤشرات'!$F$22,1)))*'دليل المؤشرات'!$E$22,1),0))) | N27: =IF($B27="","",IF(H27="","",IFERROR(ROUND(IF('دليل المؤشرات'!$D$23="↓",MIN('دليل المؤشرات'!$F$23/H27,1),IF('دليل المؤشرات'!$D$23="★",H27/10,MIN(H27/'دليل المؤشرات'!$F$23,1)))*'دليل المؤشرات'!$E$23,1),0))) | O27: =IF(B27="","",ROUND(SUM(I27:N27),1)) | P27: =IF(O27="","",IF(O27>=90,"أداء متميز",IF(O27>=75,"يفوق التوقعات",IF(O27>=60,"يلبّي التوقعات",IF(O27>=45,"يحتاج تطوير","غير مُرضٍ")))))
A28: 25 | I28: =IF($B28="","",IF(C28="","",IFERROR(ROUND(IF('دليل المؤشرات'!$D$18="↓",MIN('دليل المؤشرات'!$F$18/C28,1),IF('دليل المؤشرات'!$D$18="★",C28/10,MIN(C28/'دليل المؤشرات'!$F$18,1)))*'دليل المؤشرات'!$E$18,1),0))) | J28: =IF($B28="","",IF(D28="","",IFERROR(ROUND(IF('دليل المؤشرات'!$D$19="↓",MIN('دليل المؤشرات'!$F$19/D28,1),IF('دليل المؤشرات'!$D$19="★",D28/10,MIN(D28/'دليل المؤشرات'!$F$19,1)))*'دليل المؤشرات'!$E$19,1),0))) | K28: =IF($B28="","",IF(E28="","",IFERROR(ROUND(IF('دليل المؤشرات'!$D$20="↓",MIN('دليل المؤشرات'!$F$20/E28,1),IF('دليل المؤشرات'!$D$20="★",E28/10,MIN(E28/'دليل المؤشرات'!$F$20,1)))*'دليل المؤشرات'!$E$20,1),0))) | L28: =IF($B28="","",IF(F28="","",IFERROR(ROUND(IF('دليل المؤشرات'!$D$21="↓",MIN('دليل المؤشرات'!$F$21/F28,1),IF('دليل المؤشرات'!$D$21="★",F28/10,MIN(F28/'دليل المؤشرات'!$F$21,1)))*'دليل المؤشرات'!$E$21,1),0))) | M28: =IF($B28="","",IF(G28="","",IFERROR(ROUND(IF('دليل المؤشرات'!$D$22="↓",MIN('دليل المؤشرات'!$F$22/G28,1),IF('دليل المؤشرات'!$D$22="★",G28/10,MIN(G28/'دليل المؤشرات'!$F$22,1)))*'دليل المؤشرات'!$E$22,1),0))) | N28: =IF($B28="","",IF(H28="","",IFERROR(ROUND(IF('دليل المؤشرات'!$D$23="↓",MIN('دليل المؤشرات'!$F$23/H28,1),IF('دليل المؤشرات'!$D$23="★",H28/10,MIN(H28/'دليل المؤشرات'!$F$23,1)))*'دليل المؤشرات'!$E$23,1),0))) | O28: =IF(B28="","",ROUND(SUM(I28:N28),1)) | P28: =IF(O28="","",IF(O28>=90,"أداء متميز",IF(O28>=75,"يفوق التوقعات",IF(O28>=60,"يلبّي التوقعات",IF(O28>=45,"يحتاج تطوير","غير مُرضٍ")))))
B30: متوسط القسم (يتجاهل الصفوف الفارغة) | O30: =IFERROR(ROUND(AVERAGE(O4:O28),1),0) -> 75.8 | P30: =COUNTA(B4:B28)&" موظف" -> 18 موظف

Sheet نجاح العملاء
A1: بطاقة مؤشرات الأداء — نجاح وخدمة العملاء | المجموع 100 نقطة · صفر على الحضور
A2: # | B2: اسم الموظف | C2: نسبة التجديد Retention % | D2: الحل من أول تواصل FCR % | E2: رضا العملاء CSAT % | F2: زمن الاستجابة الأولى (ساعة) | G2: صافي الترويج NPS | H2: عدد التذاكر المغلقة | I2: د1 | J2: د2 | K2: د3 | L2: د4 | M2: د5 | N2: د6 | O2: الإجمالي | P2: النتيجة
B3: الهدف ← | → الوزن | C3: ='دليل المؤشرات'!F25 -> 85 | D3: ='دليل المؤشرات'!F26 -> 80 | E3: ='دليل المؤشرات'!F27 -> 90 | F3: ='دليل المؤشرات'!F28 -> 2 | G3: ='دليل المؤشرات'!F29 -> 50 | H3: ='دليل المؤشرات'!F30 -> 200 | I3: ='دليل المؤشرات'!E25 -> 25 | J3: ='دليل المؤشرات'!E26 -> 20 | K3: ='دليل المؤشرات'!E27 -> 20 | L3: ='دليل المؤشرات'!E28 -> 15 | M3: ='دليل المؤشرات'!E29 -> 10 | N3: ='دليل المؤشرات'!E30 -> 10 | O3: 100
A4: 1 | B4: خالد الزائدي | C4: 67 | D4: 58 | E4: 71 | F4: 2.7 | G4: 40 | H4: 160 | I4: =IF($B4="","",IF(C4="","",IFERROR(ROUND(IF('دليل المؤشرات'!$D$25="↓",MIN('دليل المؤشرات'!$F$25/C4,1),IF('دليل المؤشرات'!$D$25="★",C4/10,MIN(C4/'دليل المؤشرات'!$F$25,1)))*'دليل المؤشرات'!$E$25,1),0))) -> 19.7 | J4: =IF($B4="","",IF(D4="","",IFERROR(ROUND(IF('دليل المؤشرات'!$D$26="↓",MIN('دليل المؤشرات'!$F$26/D4,1),IF('دليل المؤشرات'!$D$26="★",D4/10,MIN(D4/'دليل المؤشرات'!$F$26,1)))*'دليل المؤشرات'!$E$26,1),0))) -> 14.5 | K4: =IF($B4="","",IF(E4="","",IFERROR(ROUND(IF('دليل المؤشرات'!$D$27="↓",MIN('دليل المؤشرات'!$F$27/E4,1),IF('دليل المؤشرات'!$D$27="★",E4/10,MIN(E4/'دليل المؤشرات'!$F$27,1)))*'دليل المؤشرات'!$E$27,1),0))) -> 15.8 | L4: =IF($B4="","",IF(F4="","",IFERROR(ROUND(IF('دليل المؤشرات'!$D$28="↓",MIN('دليل المؤشرات'!$F$28/F4,1),IF('دليل المؤشرات'!$D$28="★",F4/10,MIN(F4/'دليل المؤشرات'!$F$28,1)))*'دليل المؤشرات'!$E$28,1),0))) -> 11.1 | M4: =IF($B4="","",IF(G4="","",IFERROR(ROUND(IF('دليل المؤشرات'!$D$29="↓",MIN('دليل المؤشرات'!$F$29/G4,1),IF('دليل المؤشرات'!$D$29="★",G4/10,MIN(G4/'دليل المؤشرات'!$F$29,1)))*'دليل المؤشرات'!$E$29,1),0))) -> 8 | N4: =IF($B4="","",IF(H4="","",IFERROR(ROUND(IF('دليل المؤشرات'!$D$30="↓",MIN('دليل المؤشرات'!$F$30/H4,1),IF('دليل المؤشرات'!$D$30="★",H4/10,MIN(H4/'دليل المؤشرات'!$F$30,1)))*'دليل المؤشرات'!$E$30,1),0))) -> 8 | O4: =IF(B4="","",ROUND(SUM(I4:N4),1)) -> 77.1 | P4: =IF(O4="","",IF(O4>=90,"أداء متميز",IF(O4>=75,"يفوق التوقعات",IF(O4>=60,"يلبّي التوقعات",IF(O4>=45,"يحتاج تطوير","غير مُرضٍ"))))) -> يفوق التوقعات
A5: 2 | B5: شهد العتيبي | C5: 64 | D5: 67 | E5: 63 | F5: 2.8 | G5: 38 | H5: 158 | I5: =IF($B5="","",IF(C5="","",IFERROR(ROUND(IF('دليل المؤشرات'!$D$25="↓",MIN('دليل المؤشرات'!$F$25/C5,1),IF('دليل المؤشرات'!$D$25="★",C5/10,MIN(C5/'دليل المؤشرات'!$F$25,1)))*'دليل المؤشرات'!$E$25,1),0))) -> 18.8 | J5: =IF($B5="","",IF(D5="","",IFERROR(ROUND(IF('دليل المؤشرات'!$D$26="↓",MIN('دليل المؤشرات'!$F$26/D5,1),IF('دليل المؤشرات'!$D$26="★",D5/10,MIN(D5/'دليل المؤشرات'!$F$26,1)))*'دليل المؤشرات'!$E$26,1),0))) -> 16.8 | K5: =IF($B5="","",IF(E5="","",IFERROR(ROUND(IF('دليل المؤشرات'!$D$27="↓",MIN('دليل المؤشرات'!$F$27/E5,1),IF('دليل المؤشرات'!$D$27="★",E5/10,MIN(E5/'دليل المؤشرات'!$F$27,1)))*'دليل المؤشرات'!$E$27,1),0))) -> 14 | L5: =IF($B5="","",IF(F5="","",IFERROR(ROUND(IF('دليل المؤشرات'!$D$28="↓",MIN('دليل المؤشرات'!$F$28/F5,1),IF('دليل المؤشرات'!$D$28="★",F5/10,MIN(F5/'دليل المؤشرات'!$F$28,1)))*'دليل المؤشرات'!$E$28,1),0))) -> 10.7 | M5: =IF($B5="","",IF(G5="","",IFERROR(ROUND(IF('دليل المؤشرات'!$D$29="↓",MIN('دليل المؤشرات'!$F$29/G5,1),IF('دليل المؤشرات'!$D$29="★",G5/10,MIN(G5/'دليل المؤشرات'!$F$29,1)))*'دليل المؤشرات'!$E$29,1),0))) -> 7.6 | N5: =IF($B5="","",IF(H5="","",IFERROR(ROUND(IF('دليل المؤشرات'!$D$30="↓",MIN('دليل المؤشرات'!$F$30/H5,1),IF('دليل المؤشرات'!$D$30="★",H5/10,MIN(H5/'دليل المؤشرات'!$F$30,1)))*'دليل المؤشرات'!$E$30,1),0))) -> 7.9 | O5: =IF(B5="","",ROUND(SUM(I5:N5),1)) -> 75.8 | P5: =IF(O5="","",IF(O5>=90,"أداء متميز",IF(O5>=75,"يفوق التوقعات",IF(O5>=60,"يلبّي التوقعات",IF(O5>=45,"يحتاج تطوير","غير مُرضٍ"))))) -> يفوق التوقعات
A6: 3 | B6: وليد الشهراني | C6: 64 | D6: 64 | E6: 75 | F6: 2.6 | G6: 37 | H6: 140 | I6: =IF($B6="","",IF(C6="","",IFERROR(ROUND(IF('دليل المؤشرات'!$D$25="↓",MIN('دليل المؤشرات'!$F$25/C6,1),IF('دليل المؤشرات'!$D$25="★",C6/10,MIN(C6/'دليل المؤشرات'!$F$25,1)))*'دليل المؤشرات'!$E$25,1),0))) -> 18.8 | J6: =IF($B6="","",IF(D6="","",IFERROR(ROUND(IF('دليل المؤشرات'!$D$26="↓",MIN('دليل المؤشرات'!$F$26/D6,1),IF('دليل المؤشرات'!$D$26="★",D6/10,MIN(D6/'دليل المؤشرات'!$F$26,1)))*'دليل المؤشرات'!$E$26,1),0))) -> 16 | K6: =IF($B6="","",IF(E6="","",IFERROR(ROUND(IF('دليل المؤشرات'!$D$27="↓",MIN('دليل المؤشرات'!$F$27/E6,1),IF('دليل المؤشرات'!$D$27="★",E6/10,MIN(E6/'دليل المؤشرات'!$F$27,1)))*'دليل المؤشرات'!$E$27,1),0))) -> 16.7 | L6: =IF($B6="","",IF(F6="","",IFERROR(ROUND(IF('دليل المؤشرات'!$D$28="↓",MIN('دليل المؤشرات'!$F$28/F6,1),IF('دليل المؤشرات'!$D$28="★",F6/10,MIN(F6/'دليل المؤشرات'!$F$28,1)))*'دليل المؤشرات'!$E$28,1),0))) -> 11.5 | M6: =IF($B6="","",IF(G6="","",IFERROR(ROUND(IF('دليل المؤشرات'!$D$29="↓",MIN('دليل المؤشرات'!$F$29/G6,1),IF('دليل المؤشرات'!$D$29="★",G6/10,MIN(G6/'دليل المؤشرات'!$F$29,1)))*'دليل المؤشرات'!$E$29,1),0))) -> 7.4 | N6: =IF($B6="","",IF(H6="","",IFERROR(ROUND(IF('دليل المؤشرات'!$D$30="↓",MIN('دليل المؤشرات'!$F$30/H6,1),IF('دليل المؤشرات'!$D$30="★",H6/10,MIN(H6/'دليل المؤشرات'!$F$30,1)))*'دليل المؤشرات'!$E$30,1),0))) -> 7 | O6: =IF(B6="","",ROUND(SUM(I6:N6),1)) -> 77.4 | P6: =IF(O6="","",IF(O6>=90,"أداء متميز",IF(O6>=75,"يفوق التوقعات",IF(O6>=60,"يلبّي التوقعات",IF(O6>=45,"يحتاج تطوير","غير مُرضٍ"))))) -> يفوق التوقعات
A7: 4 | B7: أمل الشهري | C7: 58 | D7: 60 | E7: 68 | F7: 3.2 | G7: 32 | H7: 146 | I7: =IF($B7="","",IF(C7="","",IFERROR(ROUND(IF('دليل المؤشرات'!$D$25="↓",MIN('دليل المؤشرات'!$F$25/C7,1),IF('دليل المؤشرات'!$D$25="★",C7/10,MIN(C7/'دليل المؤشرات'!$F$25,1)))*'دليل المؤشرات'!$E$25,1),0))) -> 17.1 | J7: =IF($B7="","",IF(D7="","",IFERROR(ROUND(IF('دليل المؤشرات'!$D$26="↓",MIN('دليل المؤشرات'!$F$26/D7,1),IF('دليل المؤشرات'!$D$26="★",D7/10,MIN(D7/'دليل المؤشرات'!$F$26,1)))*'دليل المؤشرات'!$E$26,1),0))) -> 15 | K7: =IF($B7="","",IF(E7="","",IFERROR(ROUND(IF('دليل المؤشرات'!$D$27="↓",MIN('دليل المؤشرات'!$F$27/E7,1),IF('دليل المؤشرات'!$D$27="★",E7/10,MIN(E7/'دليل المؤشرات'!$F$27,1)))*'دليل المؤشرات'!$E$27,1),0))) -> 15.1 | L7: =IF($B7="","",IF(F7="","",IFERROR(ROUND(IF('دليل المؤشرات'!$D$28="↓",MIN('دليل المؤشرات'!$F$28/F7,1),IF('دليل المؤشرات'!$D$28="★",F7/10,MIN(F7/'دليل المؤشرات'!$F$28,1)))*'دليل المؤشرات'!$E$28,1),0))) -> 9.4 | M7: =IF($B7="","",IF(G7="","",IFERROR(ROUND(IF('دليل المؤشرات'!$D$29="↓",MIN('دليل المؤشرات'!$F$29/G7,1),IF('دليل المؤشرات'!$D$29="★",G7/10,MIN(G7/'دليل المؤشرات'!$F$29,1)))*'دليل المؤشرات'!$E$29,1),0))) -> 6.4 | N7: =IF($B7="","",IF(H7="","",IFERROR(ROUND(IF('دليل المؤشرات'!$D$30="↓",MIN('دليل المؤشرات'!$F$30/H7,1),IF('دليل المؤشرات'!$D$30="★",H7/10,MIN(H7/'دليل المؤشرات'!$F$30,1)))*'دليل المؤشرات'!$E$30,1),0))) -> 7.3 | O7: =IF(B7="","",ROUND(SUM(I7:N7),1)) -> 70.3 | P7: =IF(O7="","",IF(O7>=90,"أداء متميز",IF(O7>=75,"يفوق التوقعات",IF(O7>=60,"يلبّي التوقعات",IF(O7>=45,"يحتاج تطوير","غير مُرضٍ"))))) -> يلبّي التوقعات
A8: 5 | B8: سعد السبيعي | C8: 66 | D8: 72 | E8: 76 | F8: 2.2 | G8: 44 | H8: 159 | I8: =IF($B8="","",IF(C8="","",IFERROR(ROUND(IF('دليل المؤشرات'!$D$25="↓",MIN('دليل المؤشرات'!$F$25/C8,1),IF('دليل المؤشرات'!$D$25="★",C8/10,MIN(C8/'دليل المؤشرات'!$F$25,1)))*'دليل المؤشرات'!$E$25,1),0))) -> 19.4 | J8: =IF($B8="","",IF(D8="","",IFERROR(ROUND(IF('دليل المؤشرات'!$D$26="↓",MIN('دليل المؤشرات'!$F$26/D8,1),IF('دليل المؤشرات'!$D$26="★",D8/10,MIN(D8/'دليل المؤشرات'!$F$26,1)))*'دليل المؤشرات'!$E$26,1),0))) -> 18 | K8: =IF($B8="","",IF(E8="","",IFERROR(ROUND(IF('دليل المؤشرات'!$D$27="↓",MIN('دليل المؤشرات'!$F$27/E8,1),IF('دليل المؤشرات'!$D$27="★",E8/10,MIN(E8/'دليل المؤشرات'!$F$27,1)))*'دليل المؤشرات'!$E$27,1),0))) -> 16.9 | L8: =IF($B8="","",IF(F8="","",IFERROR(ROUND(IF('دليل المؤشرات'!$D$28="↓",MIN('دليل المؤشرات'!$F$28/F8,1),IF('دليل المؤشرات'!$D$28="★",F8/10,MIN(F8/'دليل المؤشرات'!$F$28,1)))*'دليل المؤشرات'!$E$28,1),0))) -> 13.6 | M8: =IF($B8="","",IF(G8="","",IFERROR(ROUND(IF('دليل المؤشرات'!$D$29="↓",MIN('دليل المؤشرات'!$F$29/G8,1),IF('دليل المؤشرات'!$D$29="★",G8/10,MIN(G8/'دليل المؤشرات'!$F$29,1)))*'دليل المؤشرات'!$E$29,1),0))) -> 8.8 | N8: =IF($B8="","",IF(H8="","",IFERROR(ROUND(IF('دليل المؤشرات'!$D$30="↓",MIN('دليل المؤشرات'!$F$30/H8,1),IF('دليل المؤشرات'!$D$30="★",H8/10,MIN(H8/'دليل المؤشرات'!$F$30,1)))*'دليل المؤشرات'!$E$30,1),0))) -> 8 | O8: =IF(B8="","",ROUND(SUM(I8:N8),1)) -> 84.7 | P8: =IF(O8="","",IF(O8>=90,"أداء متميز",IF(O8>=75,"يفوق التوقعات",IF(O8>=60,"يلبّي التوقعات",IF(O8>=45,"يحتاج تطوير","غير مُرضٍ"))))) -> يفوق التوقعات
A9: 6 | B9: محمد الحربي | C9: 74 | D9: 77 | E9: 86 | F9: 2.2 | G9: 45 | H9: 187 | I9: =IF($B9="","",IF(C9="","",IFERROR(ROUND(IF('دليل المؤشرات'!$D$25="↓",MIN('دليل المؤشرات'!$F$25/C9,1),IF('دليل المؤشرات'!$D$25="★",C9/10,MIN(C9/'دليل المؤشرات'!$F$25,1)))*'دليل المؤشرات'!$E$25,1),0))) -> 21.8 | J9: =IF($B9="","",IF(D9="","",IFERROR(ROUND(IF('دليل المؤشرات'!$D$26="↓",MIN('دليل المؤشرات'!$F$26/D9,1),IF('دليل المؤشرات'!$D$26="★",D9/10,MIN(D9/'دليل المؤشرات'!$F$26,1)))*'دليل المؤشرات'!$E$26,1),0))) -> 19.3 | K9: =IF($B9="","",IF(E9="","",IFERROR(ROUND(IF('دليل المؤشرات'!$D$27="↓",MIN('دليل المؤشرات'!$F$27/E9,1),IF('دليل المؤشرات'!$D$27="★",E9/10,MIN(E9/'دليل المؤشرات'!$F$27,1)))*'دليل المؤشرات'!$E$27,1),0))) -> 19.1 | L9: =IF($B9="","",IF(F9="","",IFERROR(ROUND(IF('دليل المؤشرات'!$D$28="↓",MIN('دليل المؤشرات'!$F$28/F9,1),IF('دليل المؤشرات'!$D$28="★",F9/10,MIN(F9/'دليل المؤشرات'!$F$28,1)))*'دليل المؤشرات'!$E$28,1),0))) -> 13.6 | M9: =IF($B9="","",IF(G9="","",IFERROR(ROUND(IF('دليل المؤشرات'!$D$29="↓",MIN('دليل المؤشرات'!$F$29/G9,1),IF('دليل المؤشرات'!$D$29="★",G9/10,MIN(G9/'دليل المؤشرات'!$F$29,1)))*'دليل المؤشرات'!$E$29,1),0))) -> 9 | N9: =IF($B9="","",IF(H9="","",IFERROR(ROUND(IF('دليل المؤشرات'!$D$30="↓",MIN('دليل المؤشرات'!$F$30/H9,1),IF('دليل المؤشرات'!$D$30="★",H9/10,MIN(H9/'دليل المؤشرات'!$F$30,1)))*'دليل المؤشرات'!$E$30,1),0))) -> 9.4 | O9: =IF(B9="","",ROUND(SUM(I9:N9),1)) -> 92.2 | P9: =IF(O9="","",IF(O9>=90,"أداء متميز",IF(O9>=75,"يفوق التوقعات",IF(O9>=60,"يلبّي التوقعات",IF(O9>=45,"يحتاج تطوير","غير مُرضٍ"))))) -> أداء متميز
A10: 7 | B10: نورة الدوسري | C10: 65 | D10: 51 | E10: 67 | F10: 2.6 | G10: 33 | H10: 155 | I10: =IF($B10="","",IF(C10="","",IFERROR(ROUND(IF('دليل المؤشرات'!$D$25="↓",MIN('دليل المؤشرات'!$F$25/C10,1),IF('دليل المؤشرات'!$D$25="★",C10/10,MIN(C10/'دليل المؤشرات'!$F$25,1)))*'دليل المؤشرات'!$E$25,1),0))) -> 19.1 | J10: =IF($B10="","",IF(D10="","",IFERROR(ROUND(IF('دليل المؤشرات'!$D$26="↓",MIN('دليل المؤشرات'!$F$26/D10,1),IF('دليل المؤشرات'!$D$26="★",D10/10,MIN(D10/'دليل المؤشرات'!$F$26,1)))*'دليل المؤشرات'!$E$26,1),0))) -> 12.8 | K10: =IF($B10="","",IF(E10="","",IFERROR(ROUND(IF('دليل المؤشرات'!$D$27="↓",MIN('دليل المؤشرات'!$F$27/E10,1),IF('دليل المؤشرات'!$D$27="★",E10/10,MIN(E10/'دليل المؤشرات'!$F$27,1)))*'دليل المؤشرات'!$E$27,1),0))) -> 14.9 | L10: =IF($B10="","",IF(F10="","",IFERROR(ROUND(IF('دليل المؤشرات'!$D$28="↓",MIN('دليل المؤشرات'!$F$28/F10,1),IF('دليل المؤشرات'!$D$28="★",F10/10,MIN(F10/'دليل المؤشرات'!$F$28,1)))*'دليل المؤشرات'!$E$28,1),0))) -> 11.5 | M10: =IF($B10="","",IF(G10="","",IFERROR(ROUND(IF('دليل المؤشرات'!$D$29="↓",MIN('دليل المؤشرات'!$F$29/G10,1),IF('دليل المؤشرات'!$D$29="★",G10/10,MIN(G10/'دليل المؤشرات'!$F$29,1)))*'دليل المؤشرات'!$E$29,1),0))) -> 6.6 | N10: =IF($B10="","",IF(H10="","",IFERROR(ROUND(IF('دليل المؤشرات'!$D$30="↓",MIN('دليل المؤشرات'!$F$30/H10,1),IF('دليل المؤشرات'!$D$30="★",H10/10,MIN(H10/'دليل المؤشرات'!$F$30,1)))*'دليل المؤشرات'!$E$30,1),0))) -> 7.8 | O10: =IF(B10="","",ROUND(SUM(I10:N10),1)) -> 72.7 | P10: =IF(O10="","",IF(O10>=90,"أداء متميز",IF(O10>=75,"يفوق التوقعات",IF(O10>=60,"يلبّي التوقعات",IF(O10>=45,"يحتاج تطوير","غير مُرضٍ"))))) -> يلبّي التوقعات
A11: 8 | B11: وليد الشهري | C11: 62 | D11: 58 | E11: 74 | F11: 2.6 | G11: 36 | H11: 146 | I11: =IF($B11="","",IF(C11="","",IFERROR(ROUND(IF('دليل المؤشرات'!$D$25="↓",MIN('دليل المؤشرات'!$F$25/C11,1),IF('دليل المؤشرات'!$D$25="★",C11/10,MIN(C11/'دليل المؤشرات'!$F$25,1)))*'دليل المؤشرات'!$E$25,1),0))) -> 18.2 | J11: =IF($B11="","",IF(D11="","",IFERROR(ROUND(IF('دليل المؤشرات'!$D$26="↓",MIN('دليل المؤشرات'!$F$26/D11,1),IF('دليل المؤشرات'!$D$26="★",D11/10,MIN(D11/'دليل المؤشرات'!$F$26,1)))*'دليل المؤشرات'!$E$26,1),0))) -> 14.5 | K11: =IF($B11="","",IF(E11="","",IFERROR(ROUND(IF('دليل المؤشرات'!$D$27="↓",MIN('دليل المؤشرات'!$F$27/E11,1),IF('دليل المؤشرات'!$D$27="★",E11/10,MIN(E11/'دليل المؤشرات'!$F$27,1)))*'دليل المؤشرات'!$E$27,1),0))) -> 16.4 | L11: =IF($B11="","",IF(F11="","",IFERROR(ROUND(IF('دليل المؤشرات'!$D$28="↓",MIN('دليل المؤشرات'!$F$28/F11,1),IF('دليل المؤشرات'!$D$28="★",F11/10,MIN(F11/'دليل المؤشرات'!$F$28,1)))*'دليل المؤشرات'!$E$28,1),0))) -> 11.5 | M11: =IF($B11="","",IF(G11="","",IFERROR(ROUND(IF('دليل المؤشرات'!$D$29="↓",MIN('دليل المؤشرات'!$F$29/G11,1),IF('دليل المؤشرات'!$D$29="★",G11/10,MIN(G11/'دليل المؤشرات'!$F$29,1)))*'دليل المؤشرات'!$E$29,1),0))) -> 7.2 | N11: =IF($B11="","",IF(H11="","",IFERROR(ROUND(IF('دليل المؤشرات'!$D$30="↓",MIN('دليل المؤشرات'!$F$30/H11,1),IF('دليل المؤشرات'!$D$30="★",H11/10,MIN(H11/'دليل المؤشرات'!$F$30,1)))*'دليل المؤشرات'!$E$30,1),0))) -> 7.3 | O11: =IF(B11="","",ROUND(SUM(I11:N11),1)) -> 75.1 | P11: =IF(O11="","",IF(O11>=90,"أداء متميز",IF(O11>=75,"يفوق التوقعات",IF(O11>=60,"يلبّي التوقعات",IF(O11>=45,"يحتاج تطوير","غير مُرضٍ"))))) -> يفوق التوقعات
A12: 9 | B12: مشعل العتيبي | C12: 40 | D12: 36 | E12: 46 | F12: 3.9 | G12: 23 | H12: 108 | I12: =IF($B12="","",IF(C12="","",IFERROR(ROUND(IF('دليل المؤشرات'!$D$25="↓",MIN('دليل المؤشرات'!$F$25/C12,1),IF('دليل المؤشرات'!$D$25="★",C12/10,MIN(C12/'دليل المؤشرات'!$F$25,1)))*'دليل المؤشرات'!$E$25,1),0))) -> 11.8 | J12: =IF($B12="","",IF(D12="","",IFERROR(ROUND(IF('دليل المؤشرات'!$D$26="↓",MIN('دليل المؤشرات'!$F$26/D12,1),IF('دليل المؤشرات'!$D$26="★",D12/10,MIN(D12/'دليل المؤشرات'!$F$26,1)))*'دليل المؤشرات'!$E$26,1),0))) -> 9 | K12: =IF($B12="","",IF(E12="","",IFERROR(ROUND(IF('دليل المؤشرات'!$D$27="↓",MIN('دليل المؤشرات'!$F$27/E12,1),IF('دليل المؤشرات'!$D$27="★",E12/10,MIN(E12/'دليل المؤشرات'!$F$27,1)))*'دليل المؤشرات'!$E$27,1),0))) -> 10.2 | L12: =IF($B12="","",IF(F12="","",IFERROR(ROUND(IF('دليل المؤشرات'!$D$28="↓",MIN('دليل المؤشرات'!$F$28/F12,1),IF('دليل المؤشرات'!$D$28="★",F12/10,MIN(F12/'دليل المؤشرات'!$F$28,1)))*'دليل المؤشرات'!$E$28,1),0))) -> 7.7 | M12: =IF($B12="","",IF(G12="","",IFERROR(ROUND(IF('دليل المؤشرات'!$D$29="↓",MIN('دليل المؤشرات'!$F$29/G12,1),IF('دليل المؤشرات'!$D$29="★",G12/10,MIN(G12/'دليل المؤشرات'!$F$29,1)))*'دليل المؤشرات'!$E$29,1),0))) -> 4.6 | N12: =IF($B12="","",IF(H12="","",IFERROR(ROUND(IF('دليل المؤشرات'!$D$30="↓",MIN('دليل المؤشرات'!$F$30/H12,1),IF('دليل المؤشرات'!$D$30="★",H12/10,MIN(H12/'دليل المؤشرات'!$F$30,1)))*'دليل المؤشرات'!$E$30,1),0))) -> 5.4 | O12: =IF(B12="","",ROUND(SUM(I12:N12),1)) -> 48.7 | P12: =IF(O12="","",IF(O12>=90,"أداء متميز",IF(O12>=75,"يفوق التوقعات",IF(O12>=60,"يلبّي التوقعات",IF(O12>=45,"يحتاج تطوير","غير مُرضٍ"))))) -> يحتاج تطوير
A13: 10 | B13: العنود الرشيدي | C13: 64 | D13: 59 | E13: 64 | F13: 2.7 | G13: 38 | H13: 141 | I13: =IF($B13="","",IF(C13="","",IFERROR(ROUND(IF('دليل المؤشرات'!$D$25="↓",MIN('دليل المؤشرات'!$F$25/C13,1),IF('دليل المؤشرات'!$D$25="★",C13/10,MIN(C13/'دليل المؤشرات'!$F$25,1)))*'دليل المؤشرات'!$E$25,1),0))) -> 18.8 | J13: =IF($B13="","",IF(D13="","",IFERROR(ROUND(IF('دليل المؤشرات'!$D$26="↓",MIN('دليل المؤشرات'!$F$26/D13,1),IF('دليل المؤشرات'!$D$26="★",D13/10,MIN(D13/'دليل المؤشرات'!$F$26,1)))*'دليل المؤشرات'!$E$26,1),0))) -> 14.8 | K13: =IF($B13="","",IF(E13="","",IFERROR(ROUND(IF('دليل المؤشرات'!$D$27="↓",MIN('دليل المؤشرات'!$F$27/E13,1),IF('دليل المؤشرات'!$D$27="★",E13/10,MIN(E13/'دليل المؤشرات'!$F$27,1)))*'دليل المؤشرات'!$E$27,1),0))) -> 14.2 | L13: =IF($B13="","",IF(F13="","",IFERROR(ROUND(IF('دليل المؤشرات'!$D$28="↓",MIN('دليل المؤشرات'!$F$28/F13,1),IF('دليل المؤشرات'!$D$28="★",F13/10,MIN(F13/'دليل المؤشرات'!$F$28,1)))*'دليل المؤشرات'!$E$28,1),0))) -> 11.1 | M13: =IF($B13="","",IF(G13="","",IFERROR(ROUND(IF('دليل المؤشرات'!$D$29="↓",MIN('دليل المؤشرات'!$F$29/G13,1),IF('دليل المؤشرات'!$D$29="★",G13/10,MIN(G13/'دليل المؤشرات'!$F$29,1)))*'دليل المؤشرات'!$E$29,1),0))) -> 7.6 | N13: =IF($B13="","",IF(H13="","",IFERROR(ROUND(IF('دليل المؤشرات'!$D$30="↓",MIN('دليل المؤشرات'!$F$30/H13,1),IF('دليل المؤشرات'!$D$30="★",H13/10,MIN(H13/'دليل المؤشرات'!$F$30,1)))*'دليل المؤشرات'!$E$30,1),0))) -> 7.1 | O13: =IF(B13="","",ROUND(SUM(I13:N13),1)) -> 73.6 | P13: =IF(O13="","",IF(O13>=90,"أداء متميز",IF(O13>=75,"يفوق التوقعات",IF(O13>=60,"يلبّي التوقعات",IF(O13>=45,"يحتاج تطوير","غير مُرضٍ"))))) -> يلبّي التوقعات
A14: 11 | B14: نواف العتيبي | C14: 81 | D14: 69 | E14: 80 | F14: 2.5 | G14: 47 | H14: 174 | I14: =IF($B14="","",IF(C14="","",IFERROR(ROUND(IF('دليل المؤشرات'!$D$25="↓",MIN('دليل المؤشرات'!$F$25/C14,1),IF('دليل المؤشرات'!$D$25="★",C14/10,MIN(C14/'دليل المؤشرات'!$F$25,1)))*'دليل المؤشرات'!$E$25,1),0))) -> 23.8 | J14: =IF($B14="","",IF(D14="","",IFERROR(ROUND(IF('دليل المؤشرات'!$D$26="↓",MIN('دليل المؤشرات'!$F$26/D14,1),IF('دليل المؤشرات'!$D$26="★",D14/10,MIN(D14/'دليل المؤشرات'!$F$26,1)))*'دليل المؤشرات'!$E$26,1),0))) -> 17.3 | K14: =IF($B14="","",IF(E14="","",IFERROR(ROUND(IF('دليل المؤشرات'!$D$27="↓",MIN('دليل المؤشرات'!$F$27/E14,1),IF('دليل المؤشرات'!$D$27="★",E14/10,MIN(E14/'دليل المؤشرات'!$F$27,1)))*'دليل المؤشرات'!$E$27,1),0))) -> 17.8 | L14: =IF($B14="","",IF(F14="","",IFERROR(ROUND(IF('دليل المؤشرات'!$D$28="↓",MIN('دليل المؤشرات'!$F$28/F14,1),IF('دليل المؤشرات'!$D$28="★",F14/10,MIN(F14/'دليل المؤشرات'!$F$28,1)))*'دليل المؤشرات'!$E$28,1),0))) -> 12 | M14: =IF($B14="","",IF(G14="","",IFERROR(ROUND(IF('دليل المؤشرات'!$D$29="↓",MIN('دليل المؤشرات'!$F$29/G14,1),IF('دليل المؤشرات'!$D$29="★",G14/10,MIN(G14/'دليل المؤشرات'!$F$29,1)))*'دليل المؤشرات'!$E$29,1),0))) -> 9.4 | N14: =IF($B14="","",IF(H14="","",IFERROR(ROUND(IF('دليل المؤشرات'!$D$30="↓",MIN('دليل المؤشرات'!$F$30/H14,1),IF('دليل المؤشرات'!$D$30="★",H14/10,MIN(H14/'دليل المؤشرات'!$F$30,1)))*'دليل المؤشرات'!$E$30,1),0))) -> 8.7 | O14: =IF(B14="","",ROUND(SUM(I14:N14),1)) -> 89 | P14: =IF(O14="","",IF(O14>=90,"أداء متميز",IF(O14>=75,"يفوق التوقعات",IF(O14>=60,"يلبّي التوقعات",IF(O14>=45,"يحتاج تطوير","غير مُرضٍ"))))) -> يفوق التوقعات
A15: 12 | B15: عبدالعزيز العنزي | C15: 82 | D15: 75 | E15: 84 | F15: 1.9 | G15: 51 | H15: 194 | I15: =IF($B15="","",IF(C15="","",IFERROR(ROUND(IF('دليل المؤشرات'!$D$25="↓",MIN('دليل المؤشرات'!$F$25/C15,1),IF('دليل المؤشرات'!$D$25="★",C15/10,MIN(C15/'دليل المؤشرات'!$F$25,1)))*'دليل المؤشرات'!$E$25,1),0))) -> 24.1 | J15: =IF($B15="","",IF(D15="","",IFERROR(ROUND(IF('دليل المؤشرات'!$D$26="↓",MIN('دليل المؤشرات'!$F$26/D15,1),IF('دليل المؤشرات'!$D$26="★",D15/10,MIN(D15/'دليل المؤشرات'!$F$26,1)))*'دليل المؤشرات'!$E$26,1),0))) -> 18.8 | K15: =IF($B15="","",IF(E15="","",IFERROR(ROUND(IF('دليل المؤشرات'!$D$27="↓",MIN('دليل المؤشرات'!$F$27/E15,1),IF('دليل المؤشرات'!$D$27="★",E15/10,MIN(E15/'دليل المؤشرات'!$F$27,1)))*'دليل المؤشرات'!$E$27,1),0))) -> 18.7 | L15: =IF($B15="","",IF(F15="","",IFERROR(ROUND(IF('دليل المؤشرات'!$D$28="↓",MIN('دليل المؤشرات'!$F$28/F15,1),IF('دليل المؤشرات'!$D$28="★",F15/10,MIN(F15/'دليل المؤشرات'!$F$28,1)))*'دليل المؤشرات'!$E$28,1),0))) -> 15 | M15: =IF($B15="","",IF(G15="","",IFERROR(ROUND(IF('دليل المؤشرات'!$D$29="↓",MIN('دليل المؤشرات'!$F$29/G15,1),IF('دليل المؤشرات'!$D$29="★",G15/10,MIN(G15/'دليل المؤشرات'!$F$29,1)))*'دليل المؤشرات'!$E$29,1),0))) -> 10 | N15: =IF($B15="","",IF(H15="","",IFERROR(ROUND(IF('دليل المؤشرات'!$D$30="↓",MIN('دليل المؤشرات'!$F$30/H15,1),IF('دليل المؤشرات'!$D$30="★",H15/10,MIN(H15/'دليل المؤشرات'!$F$30,1)))*'دليل المؤشرات'!$E$30,1),0))) -> 9.7 | O15: =IF(B15="","",ROUND(SUM(I15:N15),1)) -> 96.3 | P15: =IF(O15="","",IF(O15>=90,"أداء متميز",IF(O15>=75,"يفوق التوقعات",IF(O15>=60,"يلبّي التوقعات",IF(O15>=45,"يحتاج تطوير","غير مُرضٍ"))))) -> أداء متميز
... A21: 18 | B21: خالد الرشيدي | C21: 75 | D21: 73 | E21: 75 | F21: 2.3 | G21: 38 | H21: 165 | I21: =IF($B21="","",IF(C21="","",IFERROR(ROUND(IF('دليل المؤشرات'!$D$25="↓",MIN('دليل المؤشرات'!$F$25/C21,1),IF('دليل المؤشرات'!$D$25="★",C21/10,MIN(C21/'دليل المؤشرات'!$F$25,1)))*'دليل المؤشرات'!$E$25,1),0))) -> 22.1 | J21: =IF($B21="","",IF(D21="","",IFERROR(ROUND(IF('دليل المؤشرات'!$D$26="↓",MIN('دليل المؤشرات'!$F$26/D21,1),IF('دليل المؤشرات'!$D$26="★",D21/10,MIN(D21/'دليل المؤشرات'!$F$26,1)))*'دليل المؤشرات'!$E$26,1),0))) -> 18.3 | K21: =IF($B21="","",IF(E21="","",IFERROR(ROUND(IF('دليل المؤشرات'!$D$27="↓",MIN('دليل المؤشرات'!$F$27/E21,1),IF('دليل المؤشرات'!$D$27="★",E21/10,MIN(E21/'دليل المؤشرات'!$F$27,1)))*'دليل المؤشرات'!$E$27,1),0))) -> 16.7 | L21: =IF($B21="","",IF(F21="","",IFERROR(ROUND(IF('دليل المؤشرات'!$D$28="↓",MIN('دليل المؤشرات'!$F$28/F21,1),IF('دليل المؤشرات'!$D$28="★",F21/10,MIN(F21/'دليل المؤشرات'!$F$28,1)))*'دليل المؤشرات'!$E$28,1),0))) -> 13 | M21: =IF($B21="","",IF(G21="","",IFERROR(ROUND(IF('دليل المؤشرات'!$D$29="↓",MIN('دليل المؤشرات'!$F$29/G21,1),IF('دليل المؤشرات'!$D$29="★",G21/10,MIN(G21/'دليل المؤشرات'!$F$29,1)))*'دليل المؤشرات'!$E$29,1),0))) -> 7.6 | N21: =IF($B21="","",IF(H21="","",IFERROR(ROUND(IF('دليل المؤشرات'!$D$30="↓",MIN('دليل المؤشرات'!$F$30/H21,1),IF('دليل المؤشرات'!$D$30="★",H21/10,MIN(H21/'دليل المؤشرات'!$F$30,1)))*'دليل المؤشرات'!$E$30,1),0))) -> 8.3 | O21: =IF(B21="","",ROUND(SUM(I21:N21),1)) -> 86 | P21: =IF(O21="","",IF(O21>=90,"أداء متميز",IF(O21>=75,"يفوق التوقعات",IF(O21>=60,"يلبّي التوقعات",IF(O21>=45,"يحتاج تطوير","غير مُرضٍ"))))) -> يفوق التوقعات
A22: 19 | I22: =IF($B22="","",IF(C22="","",IFERROR(ROUND(IF('دليل المؤشرات'!$D$25="↓",MIN('دليل المؤشرات'!$F$25/C22,1),IF('دليل المؤشرات'!$D$25="★",C22/10,MIN(C22/'دليل المؤشرات'!$F$25,1)))*'دليل المؤشرات'!$E$25,1),0))) | J22: =IF($B22="","",IF(D22="","",IFERROR(ROUND(IF('دليل المؤشرات'!$D$26="↓",MIN('دليل المؤشرات'!$F$26/D22,1),IF('دليل المؤشرات'!$D$26="★",D22/10,MIN(D22/'دليل المؤشرات'!$F$26,1)))*'دليل المؤشرات'!$E$26,1),0))) | K22: =IF($B22="","",IF(E22="","",IFERROR(ROUND(IF('دليل المؤشرات'!$D$27="↓",MIN('دليل المؤشرات'!$F$27/E22,1),IF('دليل المؤشرات'!$D$27="★",E22/10,MIN(E22/'دليل المؤشرات'!$F$27,1)))*'دليل المؤشرات'!$E$27,1),0))) | L22: =IF($B22="","",IF(F22="","",IFERROR(ROUND(IF('دليل المؤشرات'!$D$28="↓",MIN('دليل المؤشرات'!$F$28/F22,1),IF('دليل المؤشرات'!$D$28="★",F22/10,MIN(F22/'دليل المؤشرات'!$F$28,1)))*'دليل المؤشرات'!$E$28,1),0))) | M22: =IF($B22="","",IF(G22="","",IFERROR(ROUND(IF('دليل المؤشرات'!$D$29="↓",MIN('دليل المؤشرات'!$F$29/G22,1),IF('دليل المؤشرات'!$D$29="★",G22/10,MIN(G22/'دليل المؤشرات'!$F$29,1)))*'دليل المؤشرات'!$E$29,1),0))) | N22: =IF($B22="","",IF(H22="","",IFERROR(ROUND(IF('دليل المؤشرات'!$D$30="↓",MIN('دليل المؤشرات'!$F$30/H22,1),IF('دليل المؤشرات'!$D$30="★",H22/10,MIN(H22/'دليل المؤشرات'!$F$30,1)))*'دليل المؤشرات'!$E$30,1),0))) | O22: =IF(B22="","",ROUND(SUM(I22:N22),1)) | P22: =IF(O22="","",IF(O22>=90,"أداء متميز",IF(O22>=75,"يفوق التوقعات",IF(O22>=60,"يلبّي التوقعات",IF(O22>=45,"يحتاج تطوير","غير مُرضٍ")))))
A23: 20 | I23: =IF($B23="","",IF(C23="","",IFERROR(ROUND(IF('دليل المؤشرات'!$D$25="↓",MIN('دليل المؤشرات'!$F$25/C23,1),IF('دليل المؤشرات'!$D$25="★",C23/10,MIN(C23/'دليل المؤشرات'!$F$25,1)))*'دليل المؤشرات'!$E$25,1),0))) | J23: =IF($B23="","",IF(D23="","",IFERROR(ROUND(IF('دليل المؤشرات'!$D$26="↓",MIN('دليل المؤشرات'!$F$26/D23,1),IF('دليل المؤشرات'!$D$26="★",D23/10,MIN(D23/'دليل المؤشرات'!$F$26,1)))*'دليل المؤشرات'!$E$26,1),0))) | K23: =IF($B23="","",IF(E23="","",IFERROR(ROUND(IF('دليل المؤشرات'!$D$27="↓",MIN('دليل المؤشرات'!$F$27/E23,1),IF('دليل المؤشرات'!$D$27="★",E23/10,MIN(E23/'دليل المؤشرات'!$F$27,1)))*'دليل المؤشرات'!$E$27,1),0))) | L23: =IF($B23="","",IF(F23="","",IFERROR(ROUND(IF('دليل المؤشرات'!$D$28="↓",MIN('دليل المؤشرات'!$F$28/F23,1),IF('دليل المؤشرات'!$D$28="★",F23/10,MIN(F23/'دليل المؤشرات'!$F$28,1)))*'دليل المؤشرات'!$E$28,1),0))) | M23: =IF($B23="","",IF(G23="","",IFERROR(ROUND(IF('دليل المؤشرات'!$D$29="↓",MIN('دليل المؤشرات'!$F$29/G23,1),IF('دليل المؤشرات'!$D$29="★",G23/10,MIN(G23/'دليل المؤشرات'!$F$29,1)))*'دليل المؤشرات'!$E$29,1),0))) | N23: =IF($B23="","",IF(H23="","",IFERROR(ROUND(IF('دليل المؤشرات'!$D$30="↓",MIN('دليل المؤشرات'!$F$30/H23,1),IF('دليل المؤشرات'!$D$30="★",H23/10,MIN(H23/'دليل المؤشرات'!$F$30,1)))*'دليل المؤشرات'!$E$30,1),0))) | O23: =IF(B23="","",ROUND(SUM(I23:N23),1)) | P23: =IF(O23="","",IF(O23>=90,"أداء متميز",IF(O23>=75,"يفوق التوقعات",IF(O23>=60,"يلبّي التوقعات",IF(O23>=45,"يحتاج تطوير","غير مُرضٍ")))))
A24: 21 | I24: =IF($B24="","",IF(C24="","",IFERROR(ROUND(IF('دليل المؤشرات'!$D$25="↓",MIN('دليل المؤشرات'!$F$25/C24,1),IF('دليل المؤشرات'!$D$25="★",C24/10,MIN(C24/'دليل المؤشرات'!$F$25,1)))*'دليل المؤشرات'!$E$25,1),0))) | J24: =IF($B24="","",IF(D24="","",IFERROR(ROUND(IF('دليل المؤشرات'!$D$26="↓",MIN('دليل المؤشرات'!$F$26/D24,1),IF('دليل المؤشرات'!$D$26="★",D24/10,MIN(D24/'دليل المؤشرات'!$F$26,1)))*'دليل المؤشرات'!$E$26,1),0))) | K24: =IF($B24="","",IF(E24="","",IFERROR(ROUND(IF('دليل المؤشرات'!$D$27="↓",MIN('دليل المؤشرات'!$F$27/E24,1),IF('دليل المؤشرات'!$D$27="★",E24/10,MIN(E24/'دليل المؤشرات'!$F$27,1)))*'دليل المؤشرات'!$E$27,1),0))) | L24: =IF($B24="","",IF(F24="","",IFERROR(ROUND(IF('دليل المؤشرات'!$D$28="↓",MIN('دليل المؤشرات'!$F$28/F24,1),IF('دليل المؤشرات'!$D$28="★",F24/10,MIN(F24/'دليل المؤشرات'!$F$28,1)))*'دليل المؤشرات'!$E$28,1),0))) | M24: =IF($B24="","",IF(G24="","",IFERROR(ROUND(IF('دليل المؤشرات'!$D$29="↓",MIN('دليل المؤشرات'!$F$29/G24,1),IF('دليل المؤشرات'!$D$29="★",G24/10,MIN(G24/'دليل المؤشرات'!$F$29,1)))*'دليل المؤشرات'!$E$29,1),0))) | N24: =IF($B24="","",IF(H24="","",IFERROR(ROUND(IF('دليل المؤشرات'!$D$30="↓",MIN('دليل المؤشرات'!$F$30/H24,1),IF('دليل المؤشرات'!$D$30="★",H24/10,MIN(H24/'دليل المؤشرات'!$F$30,1)))*'دليل المؤشرات'!$E$30,1),0))) | O24: =IF(B24="","",ROUND(SUM(I24:N24),1)) | P24: =IF(O24="","",IF(O24>=90,"أداء متميز",IF(O24>=75,"يفوق التوقعات",IF(O24>=60,"يلبّي التوقعات",IF(O24>=45,"يحتاج تطوير","غير مُرضٍ")))))
A25: 22 | I25: =IF($B25="","",IF(C25="","",IFERROR(ROUND(IF('دليل المؤشرات'!$D$25="↓",MIN('دليل المؤشرات'!$F$25/C25,1),IF('دليل المؤشرات'!$D$25="★",C25/10,MIN(C25/'دليل المؤشرات'!$F$25,1)))*'دليل المؤشرات'!$E$25,1),0))) | J25: =IF($B25="","",IF(D25="","",IFERROR(ROUND(IF('دليل المؤشرات'!$D$26="↓",MIN('دليل المؤشرات'!$F$26/D25,1),IF('دليل المؤشرات'!$D$26="★",D25/10,MIN(D25/'دليل المؤشرات'!$F$26,1)))*'دليل المؤشرات'!$E$26,1),0))) | K25: =IF($B25="","",IF(E25="","",IFERROR(ROUND(IF('دليل المؤشرات'!$D$27="↓",MIN('دليل المؤشرات'!$F$27/E25,1),IF('دليل المؤشرات'!$D$27="★",E25/10,MIN(E25/'دليل المؤشرات'!$F$27,1)))*'دليل المؤشرات'!$E$27,1),0))) | L25: =IF($B25="","",IF(F25="","",IFERROR(ROUND(IF('دليل المؤشرات'!$D$28="↓",MIN('دليل المؤشرات'!$F$28/F25,1),IF('دليل المؤشرات'!$D$28="★",F25/10,MIN(F25/'دليل المؤشرات'!$F$28,1)))*'دليل المؤشرات'!$E$28,1),0))) | M25: =IF($B25="","",IF(G25="","",IFERROR(ROUND(IF('دليل المؤشرات'!$D$29="↓",MIN('دليل المؤشرات'!$F$29/G25,1),IF('دليل المؤشرات'!$D$29="★",G25/10,MIN(G25/'دليل المؤشرات'!$F$29,1)))*'دليل المؤشرات'!$E$29,1),0))) | N25: =IF($B25="","",IF(H25="","",IFERROR(ROUND(IF('دليل المؤشرات'!$D$30="↓",MIN('دليل المؤشرات'!$F$30/H25,1),IF('دليل المؤشرات'!$D$30="★",H25/10,MIN(H25/'دليل المؤشرات'!$F$30,1)))*'دليل المؤشرات'!$E$30,1),0))) | O25: =IF(B25="","",ROUND(SUM(I25:N25),1)) | P25: =IF(O25="","",IF(O25>=90,"أداء متميز",IF(O25>=75,"يفوق التوقعات",IF(O25>=60,"يلبّي التوقعات",IF(O25>=45,"يحتاج تطوير","غير مُرضٍ")))))
A26: 23 | I26: =IF($B26="","",IF(C26="","",IFERROR(ROUND(IF('دليل المؤشرات'!$D$25="↓",MIN('دليل المؤشرات'!$F$25/C26,1),IF('دليل المؤشرات'!$D$25="★",C26/10,MIN(C26/'دليل المؤشرات'!$F$25,1)))*'دليل المؤشرات'!$E$25,1),0))) | J26: =IF($B26="","",IF(D26="","",IFERROR(ROUND(IF('دليل المؤشرات'!$D$26="↓",MIN('دليل المؤشرات'!$F$26/D26,1),IF('دليل المؤشرات'!$D$26="★",D26/10,MIN(D26/'دليل المؤشرات'!$F$26,1)))*'دليل المؤشرات'!$E$26,1),0))) | K26: =IF($B26="","",IF(E26="","",IFERROR(ROUND(IF('دليل المؤشرات'!$D$27="↓",MIN('دليل المؤشرات'!$F$27/E26,1),IF('دليل المؤشرات'!$D$27="★",E26/10,MIN(E26/'دليل المؤشرات'!$F$27,1)))*'دليل المؤشرات'!$E$27,1),0))) | L26: =IF($B26="","",IF(F26="","",IFERROR(ROUND(IF('دليل المؤشرات'!$D$28="↓",MIN('دليل المؤشرات'!$F$28/F26,1),IF('دليل المؤشرات'!$D$28="★",F26/10,MIN(F26/'دليل المؤشرات'!$F$28,1)))*'دليل المؤشرات'!$E$28,1),0))) | M26: =IF($B26="","",IF(G26="","",IFERROR(ROUND(IF('دليل المؤشرات'!$D$29="↓",MIN('دليل المؤشرات'!$F$29/G26,1),IF('دليل المؤشرات'!$D$29="★",G26/10,MIN(G26/'دليل المؤشرات'!$F$29,1)))*'دليل المؤشرات'!$E$29,1),0))) | N26: =IF($B26="","",IF(H26="","",IFERROR(ROUND(IF('دليل المؤشرات'!$D$30="↓",MIN('دليل المؤشرات'!$F$30/H26,1),IF('دليل المؤشرات'!$D$30="★",H26/10,MIN(H26/'دليل المؤشرات'!$F$30,1)))*'دليل المؤشرات'!$E$30,1),0))) | O26: =IF(B26="","",ROUND(SUM(I26:N26),1)) | P26: =IF(O26="","",IF(O26>=90,"أداء متميز",IF(O26>=75,"يفوق التوقعات",IF(O26>=60,"يلبّي التوقعات",IF(O26>=45,"يحتاج تطوير","غير مُرضٍ")))))
A27: 24 | I27: =IF($B27="","",IF(C27="","",IFERROR(ROUND(IF('دليل المؤشرات'!$D$25="↓",MIN('دليل المؤشرات'!$F$25/C27,1),IF('دليل المؤشرات'!$D$25="★",C27/10,MIN(C27/'دليل المؤشرات'!$F$25,1)))*'دليل المؤشرات'!$E$25,1),0))) | J27: =IF($B27="","",IF(D27="","",IFERROR(ROUND(IF('دليل المؤشرات'!$D$26="↓",MIN('دليل المؤشرات'!$F$26/D27,1),IF('دليل المؤشرات'!$D$26="★",D27/10,MIN(D27/'دليل المؤشرات'!$F$26,1)))*'دليل المؤشرات'!$E$26,1),0))) | K27: =IF($B27="","",IF(E27="","",IFERROR(ROUND(IF('دليل المؤشرات'!$D$27="↓",MIN('دليل المؤشرات'!$F$27/E27,1),IF('دليل المؤشرات'!$D$27="★",E27/10,MIN(E27/'دليل المؤشرات'!$F$27,1)))*'دليل المؤشرات'!$E$27,1),0))) | L27: =IF($B27="","",IF(F27="","",IFERROR(ROUND(IF('دليل المؤشرات'!$D$28="↓",MIN('دليل المؤشرات'!$F$28/F27,1),IF('دليل المؤشرات'!$D$28="★",F27/10,MIN(F27/'دليل المؤشرات'!$F$28,1)))*'دليل المؤشرات'!$E$28,1),0))) | M27: =IF($B27="","",IF(G27="","",IFERROR(ROUND(IF('دليل المؤشرات'!$D$29="↓",MIN('دليل المؤشرات'!$F$29/G27,1),IF('دليل المؤشرات'!$D$29="★",G27/10,MIN(G27/'دليل المؤشرات'!$F$29,1)))*'دليل المؤشرات'!$E$29,1),0))) | N27: =IF($B27="","",IF(H27="","",IFERROR(ROUND(IF('دليل المؤشرات'!$D$30="↓",MIN('دليل المؤشرات'!$F$30/H27,1),IF('دليل المؤشرات'!$D$30="★",H27/10,MIN(H27/'دليل المؤشرات'!$F$30,1)))*'دليل المؤشرات'!$E$30,1),0))) | O27: =IF(B27="","",ROUND(SUM(I27:N27),1)) | P27: =IF(O27="","",IF(O27>=90,"أداء متميز",IF(O27>=75,"يفوق التوقعات",IF(O27>=60,"يلبّي التوقعات",IF(O27>=45,"يحتاج تطوير","غير مُرضٍ")))))
A28: 25 | I28: =IF($B28="","",IF(C28="","",IFERROR(ROUND(IF('دليل المؤشرات'!$D$25="↓",MIN('دليل المؤشرات'!$F$25/C28,1),IF('دليل المؤشرات'!$D$25="★",C28/10,MIN(C28/'دليل المؤشرات'!$F$25,1)))*'دليل المؤشرات'!$E$25,1),0))) | J28: =IF($B28="","",IF(D28="","",IFERROR(ROUND(IF('دليل المؤشرات'!$D$26="↓",MIN('دليل المؤشرات'!$F$26/D28,1),IF('دليل المؤشرات'!$D$26="★",D28/10,MIN(D28/'دليل المؤشرات'!$F$26,1)))*'دليل المؤشرات'!$E$26,1),0))) | K28: =IF($B28="","",IF(E28="","",IFERROR(ROUND(IF('دليل المؤشرات'!$D$27="↓",MIN('دليل المؤشرات'!$F$27/E28,1),IF('دليل المؤشرات'!$D$27="★",E28/10,MIN(E28/'دليل المؤشرات'!$F$27,1)))*'دليل المؤشرات'!$E$27,1),0))) | L28: =IF($B28="","",IF(F28="","",IFERROR(ROUND(IF('دليل المؤشرات'!$D$28="↓",MIN('دليل المؤشرات'!$F$28/F28,1),IF('دليل المؤشرات'!$D$28="★",F28/10,MIN(F28/'دليل المؤشرات'!$F$28,1)))*'دليل المؤشرات'!$E$28,1),0))) | M28: =IF($B28="","",IF(G28="","",IFERROR(ROUND(IF('دليل المؤشرات'!$D$29="↓",MIN('دليل المؤشرات'!$F$29/G28,1),IF('دليل المؤشرات'!$D$29="★",G28/10,MIN(G28/'دليل المؤشرات'!$F$29,1)))*'دليل المؤشرات'!$E$29,1),0))) | N28: =IF($B28="","",IF(H28="","",IFERROR(ROUND(IF('دليل المؤشرات'!$D$30="↓",MIN('دليل المؤشرات'!$F$30/H28,1),IF('دليل المؤشرات'!$D$30="★",H28/10,MIN(H28/'دليل المؤشرات'!$F$30,1)))*'دليل المؤشرات'!$E$30,1),0))) | O28: =IF(B28="","",ROUND(SUM(I28:N28),1)) | P28: =IF(O28="","",IF(O28>=90,"أداء متميز",IF(O28>=75,"يفوق التوقعات",IF(O28>=60,"يلبّي التوقعات",IF(O28>=45,"يحتاج تطوير","غير مُرضٍ")))))
B30: متوسط القسم (يتجاهل الصفوف الفارغة) | O30: =IFERROR(ROUND(AVERAGE(O4:O28),1),0) -> 77.6 | P30: =COUNTA(B4:B28)&" موظف" -> 18 موظف

Sheet تطوير البرمجيات
A1: بطاقة مؤشرات الأداء — تطوير البرمجيات | المجموع 100 نقطة · صفر على الحضور
A2: # | B2: اسم الموظف | C2: التسليم في الموعد % | D2: استقرار النظام Uptime % | E2: الأخطاء بعد الإطلاق | F2: نقاط القصة المنجزة | G2: تغطية الاختبارات % | H2: جودة الكود ومراجعة PR (1-10) | I2: د1 | J2: د2 | K2: د3 | L2: د4 | M2: د5 | N2: د6 | O2: الإجمالي | P2: النتيجة
B3: الهدف ← | → الوزن | C3: ='دليل المؤشرات'!F32 -> 90 | D3: ='دليل المؤشرات'!F33 -> 99.5 | E3: ='دليل المؤشرات'!F34 -> 5 | F3: ='دليل المؤشرات'!F35 -> 40 | G3: ='دليل المؤشرات'!F36 -> 80 | H3: ='دليل المؤشرات'!F37 -> 10 | I3: ='دليل المؤشرات'!E32 -> 20 | J3: ='دليل المؤشرات'!E33 -> 20 | K3: ='دليل المؤشرات'!E34 -> 15 | L3: ='دليل المؤشرات'!E35 -> 15 | M3: ='دليل المؤشرات'!E36 -> 15 | N3: ='دليل المؤشرات'!E37 -> 15 | O3: 100
A4: 1 | B4: تركي الشهراني | C4: 86 | D4: 109.7 | E4: 5.3 | F4: 38.7 | G4: 85 | H4: 9 | I4: =IF($B4="","",IF(C4="","",IFERROR(ROUND(IF('دليل المؤشرات'!$D$32="↓",MIN('دليل المؤشرات'!$F$32/C4,1),IF('دليل المؤشرات'!$D$32="★",C4/10,MIN(C4/'دليل المؤشرات'!$F$32,1)))*'دليل المؤشرات'!$E$32,1),0))) -> 19.1 | J4: =IF($B4="","",IF(D4="","",IFERROR(ROUND(IF('دليل المؤشرات'!$D$33="↓",MIN('دليل المؤشرات'!$F$33/D4,1),IF('دليل المؤشرات'!$D$33="★",D4/10,MIN(D4/'دليل المؤشرات'!$F$33,1)))*'دليل المؤشرات'!$E$33,1),0))) -> 20 | K4: =IF($B4="","",IF(E4="","",IFERROR(ROUND(IF('دليل المؤشرات'!$D$34="↓",MIN('دليل المؤشرات'!$F$34/E4,1),IF('دليل المؤشرات'!$D$34="★",E4/10,MIN(E4/'دليل المؤشرات'!$F$34,1)))*'دليل المؤشرات'!$E$34,1),0))) -> 14.2 | L4: =IF($B4="","",IF(F4="","",IFERROR(ROUND(IF('دليل المؤشرات'!$D$35="↓",MIN('دليل المؤشرات'!$F$35/F4,1),IF('دليل المؤشرات'!$D$35="★",F4/10,MIN(F4/'دليل المؤشرات'!$F$35,1)))*'دليل المؤشرات'!$E$35,1),0))) -> 14.5 | M4: =IF($B4="","",IF(G4="","",IFERROR(ROUND(IF('دليل المؤشرات'!$D$36="↓",MIN('دليل المؤشرات'!$F$36/G4,1),IF('دليل المؤشرات'!$D$36="★",G4/10,MIN(G4/'دليل المؤشرات'!$F$36,1)))*'دليل المؤشرات'!$E$36,1),0))) -> 15 | N4: =IF($B4="","",IF(H4="","",IFERROR(ROUND(IF('دليل المؤشرات'!$D$37="↓",MIN('دليل المؤشرات'!$F$37/H4,1),IF('دليل المؤشرات'!$D$37="★",H4/10,MIN(H4/'دليل المؤشرات'!$F$37,1)))*'دليل المؤشرات'!$E$37,1),0))) -> 13.5 | O4: =IF(B4="","",ROUND(SUM(I4:N4),1)) -> 96.3 | P4: =IF(O4="","",IF(O4>=90,"أداء متميز",IF(O4>=75,"يفوق التوقعات",IF(O4>=60,"يلبّي التوقعات",IF(O4>=45,"يحتاج تطوير","غير مُرضٍ"))))) -> أداء متميز
A5: 2 | B5: طارق الشمري | C5: 96 | D5: 104.6 | E5: 4.8 | F5: 44 | G5: 77 | H5: 10 | I5: =IF($B5="","",IF(C5="","",IFERROR(ROUND(IF('دليل المؤشرات'!$D$32="↓",MIN('دليل المؤشرات'!$F$32/C5,1),IF('دليل المؤشرات'!$D$32="★",C5/10,MIN(C5/'دليل المؤشرات'!$F$32,1)))*'دليل المؤشرات'!$E$32,1),0))) -> 20 | J5: =IF($B5="","",IF(D5="","",IFERROR(ROUND(IF('دليل المؤشرات'!$D$33="↓",MIN('دليل المؤشرات'!$F$33/D5,1),IF('دليل المؤشرات'!$D$33="★",D5/10,MIN(D5/'دليل المؤشرات'!$F$33,1)))*'دليل المؤشرات'!$E$33,1),0))) -> 20 | K5: =IF($B5="","",IF(E5="","",IFERROR(ROUND(IF('دليل المؤشرات'!$D$34="↓",MIN('دليل المؤشرات'!$F$34/E5,1),IF('دليل المؤشرات'!$D$34="★",E5/10,MIN(E5/'دليل المؤشرات'!$F$34,1)))*'دليل المؤشرات'!$E$34,1),0))) -> 15 | L5: =IF($B5="","",IF(F5="","",IFERROR(ROUND(IF('دليل المؤشرات'!$D$35="↓",MIN('دليل المؤشرات'!$F$35/F5,1),IF('دليل المؤشرات'!$D$35="★",F5/10,MIN(F5/'دليل المؤشرات'!$F$35,1)))*'دليل المؤشرات'!$E$35,1),0))) -> 15 | M5: =IF($B5="","",IF(G5="","",IFERROR(ROUND(IF('دليل المؤشرات'!$D$36="↓",MIN('دليل المؤشرات'!$F$36/G5,1),IF('دليل المؤشرات'!$D$36="★",G5/10,MIN(G5/'دليل المؤشرات'!$F$36,1)))*'دليل المؤشرات'!$E$36,1),0))) -> 14.4 | N5: =IF($B5="","",IF(H5="","",IFERROR(ROUND(IF('دليل المؤشرات'!$D$37="↓",MIN('دليل المؤشرات'!$F$37/H5,1),IF('دليل المؤشرات'!$D$37="★",H5/10,MIN(H5/'دليل المؤشرات'!$F$37,1)))*'دليل المؤشرات'!$E$37,1),0))) -> 15 | O5: =IF(B5="","",ROUND(SUM(I5:N5),1)) -> 99.4 | P5: =IF(O5="","",IF(O5>=90,"أداء متميز",IF(O5>=75,"يفوق التوقعات",IF(O5>=60,"يلبّي التوقعات",IF(O5>=45,"يحتاج تطوير","غير مُرضٍ"))))) -> أداء متميز
A6: 3 | B6: سعد المالكي | C6: 87 | D6: 81.9 | E6: 5.4 | F6: 40.2 | G6: 70 | H6: 9 | I6: =IF($B6="","",IF(C6="","",IFERROR(ROUND(IF('دليل المؤشرات'!$D$32="↓",MIN('دليل المؤشرات'!$F$32/C6,1),IF('دليل المؤشرات'!$D$32="★",C6/10,MIN(C6/'دليل المؤشرات'!$F$32,1)))*'دليل المؤشرات'!$E$32,1),0))) -> 19.3 | J6: =IF($B6="","",IF(D6="","",IFERROR(ROUND(IF('دليل المؤشرات'!$D$33="↓",MIN('دليل المؤشرات'!$F$33/D6,1),IF('دليل المؤشرات'!$D$33="★",D6/10,MIN(D6/'دليل المؤشرات'!$F$33,1)))*'دليل المؤشرات'!$E$33,1),0))) -> 16.5 | K6: =IF($B6="","",IF(E6="","",IFERROR(ROUND(IF('دليل المؤشرات'!$D$34="↓",MIN('دليل المؤشرات'!$F$34/E6,1),IF('دليل المؤشرات'!$D$34="★",E6/10,MIN(E6/'دليل المؤشرات'!$F$34,1)))*'دليل المؤشرات'!$E$34,1),0))) -> 13.9 | L6: =IF($B6="","",IF(F6="","",IFERROR(ROUND(IF('دليل المؤشرات'!$D$35="↓",MIN('دليل المؤشرات'!$F$35/F6,1),IF('دليل المؤشرات'!$D$35="★",F6/10,MIN(F6/'دليل المؤشرات'!$F$35,1)))*'دليل المؤشرات'!$E$35,1),0))) -> 15 | M6: =IF($B6="","",IF(G6="","",IFERROR(ROUND(IF('دليل المؤشرات'!$D$36="↓",MIN('دليل المؤشرات'!$F$36/G6,1),IF('دليل المؤشرات'!$D$36="★",G6/10,MIN(G6/'دليل المؤشرات'!$F$36,1)))*'دليل المؤشرات'!$E$36,1),0))) -> 13.1 | N6: =IF($B6="","",IF(H6="","",IFERROR(ROUND(IF('دليل المؤشرات'!$D$37="↓",MIN('دليل المؤشرات'!$F$37/H6,1),IF('دليل المؤشرات'!$D$37="★",H6/10,MIN(H6/'دليل المؤشرات'!$F$37,1)))*'دليل المؤشرات'!$E$37,1),0))) -> 13.5 | O6: =IF(B6="","",ROUND(SUM(I6:N6),1)) -> 91.3 | P6: =IF(O6="","",IF(O6>=90,"أداء متميز",IF(O6>=75,"يفوق التوقعات",IF(O6>=60,"يلبّي التوقعات",IF(O6>=45,"يحتاج تطوير","غير مُرضٍ"))))) -> أداء متميز
A7: 4 | B7: عبدالرحمن العنزي | C7: 71 | D7: 78.8 | E7: 7 | F7: 30.8 | G7: 65 | H7: 7 | I7: =IF($B7="","",IF(C7="","",IFERROR(ROUND(IF('دليل المؤشرات'!$D$32="↓",MIN('دليل المؤشرات'!$F$32/C7,1),IF('دليل المؤشرات'!$D$32="★",C7/10,MIN(C7/'دليل المؤشرات'!$F$32,1)))*'دليل المؤشرات'!$E$32,1),0))) -> 15.8 | J7: =IF($B7="","",IF(D7="","",IFERROR(ROUND(IF('دليل المؤشرات'!$D$33="↓",MIN('دليل المؤشرات'!$F$33/D7,1),IF('دليل المؤشرات'!$D$33="★",D7/10,MIN(D7/'دليل المؤشرات'!$F$33,1)))*'دليل المؤشرات'!$E$33,1),0))) -> 15.8 | K7: =IF($B7="","",IF(E7="","",IFERROR(ROUND(IF('دليل المؤشرات'!$D$34="↓",MIN('دليل المؤشرات'!$F$34/E7,1),IF('دليل المؤشرات'!$D$34="★",E7/10,MIN(E7/'دليل المؤشرات'!$F$34,1)))*'دليل المؤشرات'!$E$34,1),0))) -> 10.7 | L7: =IF($B7="","",IF(F7="","",IFERROR(ROUND(IF('دليل المؤشرات'!$D$35="↓",MIN('دليل المؤشرات'!$F$35/F7,1),IF('دليل المؤشرات'!$D$35="★",F7/10,MIN(F7/'دليل المؤشرات'!$F$35,1)))*'دليل المؤشرات'!$E$35,1),0))) -> 11.6 | M7: =IF($B7="","",IF(G7="","",IFERROR(ROUND(IF('دليل المؤشرات'!$D$36="↓",MIN('دليل المؤشرات'!$F$36/G7,1),IF('دليل المؤشرات'!$D$36="★",G7/10,MIN(G7/'دليل المؤشرات'!$F$36,1)))*'دليل المؤشرات'!$E$36,1),0))) -> 12.2 | N7: =IF($B7="","",IF(H7="","",IFERROR(ROUND(IF('دليل المؤشرات'!$D$37="↓",MIN('دليل المؤشرات'!$F$37/H7,1),IF('دليل المؤشرات'!$D$37="★",H7/10,MIN(H7/'دليل المؤشرات'!$F$37,1)))*'دليل المؤشرات'!$E$37,1),0))) -> 10.5 | O7: =IF(B7="","",ROUND(SUM(I7:N7),1)) -> 76.6 | P7: =IF(O7="","",IF(O7>=90,"أداء متميز",IF(O7>=75,"يفوق التوقعات",IF(O7>=60,"يلبّي التوقعات",IF(O7>=45,"يحتاج تطوير","غير مُرضٍ"))))) -> يفوق التوقعات
A8: 5 | B8: منيرة السبيعي | C8: 79 | D8: 84 | E8: 5.6 | F8: 36.6 | G8: 77 | H8: 9 | I8: =IF($B8="","",IF(C8="","",IFERROR(ROUND(IF('دليل المؤشرات'!$D$32="↓",MIN('دليل المؤشرات'!$F$32/C8,1),IF('دليل المؤشرات'!$D$32="★",C8/10,MIN(C8/'دليل المؤشرات'!$F$32,1)))*'دليل المؤشرات'!$E$32,1),0))) -> 17.6 | J8: =IF($B8="","",IF(D8="","",IFERROR(ROUND(IF('دليل المؤشرات'!$D$33="↓",MIN('دليل المؤشرات'!$F$33/D8,1),IF('دليل المؤشرات'!$D$33="★",D8/10,MIN(D8/'دليل المؤشرات'!$F$33,1)))*'دليل المؤشرات'!$E$33,1),0))) -> 16.9 | K8: =IF($B8="","",IF(E8="","",IFERROR(ROUND(IF('دليل المؤشرات'!$D$34="↓",MIN('دليل المؤشرات'!$F$34/E8,1),IF('دليل المؤشرات'!$D$34="★",E8/10,MIN(E8/'دليل المؤشرات'!$F$34,1)))*'دليل المؤشرات'!$E$34,1),0))) -> 13.4 | L8: =IF($B8="","",IF(F8="","",IFERROR(ROUND(IF('دليل المؤشرات'!$D$35="↓",MIN('دليل المؤشرات'!$F$35/F8,1),IF('دليل المؤشرات'!$D$35="★",F8/10,MIN(F8/'دليل المؤشرات'!$F$35,1)))*'دليل المؤشرات'!$E$35,1),0))) -> 13.7 | M8: =IF($B8="","",IF(G8="","",IFERROR(ROUND(IF('دليل المؤشرات'!$D$36="↓",MIN('دليل المؤشرات'!$F$36/G8,1),IF('دليل المؤشرات'!$D$36="★",G8/10,MIN(G8/'دليل المؤشرات'!$F$36,1)))*'دليل المؤشرات'!$E$36,1),0))) -> 14.4 | N8: =IF($B8="","",IF(H8="","",IFERROR(ROUND(IF('دليل المؤشرات'!$D$37="↓",MIN('دليل المؤشرات'!$F$37/H8,1),IF('دليل المؤشرات'!$D$37="★",H8/10,MIN(H8/'دليل المؤشرات'!$F$37,1)))*'دليل المؤشرات'!$E$37,1),0))) -> 13.5 | O8: =IF(B8="","",ROUND(SUM(I8:N8),1)) -> 89.5 | P8: =IF(O8="","",IF(O8>=90,"أداء متميز",IF(O8>=75,"يفوق التوقعات",IF(O8>=60,"يلبّي التوقعات",IF(O8>=45,"يحتاج تطوير","غير مُرضٍ"))))) -> يفوق التوقعات
A9: 6 | B9: وليد الجهني | C9: 86 | D9: 103.9 | E9: 5.1 | F9: 44 | G9: 78 | H9: 10 | I9: =IF($B9="","",IF(C9="","",IFERROR(ROUND(IF('دليل المؤشرات'!$D$32="↓",MIN('دليل المؤشرات'!$F$32/C9,1),IF('دليل المؤشرات'!$D$32="★",C9/10,MIN(C9/'دليل المؤشرات'!$F$32,1)))*'دليل المؤشرات'!$E$32,1),0))) -> 19.1 | J9: =IF($B9="","",IF(D9="","",IFERROR(ROUND(IF('دليل المؤشرات'!$D$33="↓",MIN('دليل المؤشرات'!$F$33/D9,1),IF('دليل المؤشرات'!$D$33="★",D9/10,MIN(D9/'دليل المؤشرات'!$F$33,1)))*'دليل المؤشرات'!$E$33,1),0))) -> 20 | K9: =IF($B9="","",IF(E9="","",IFERROR(ROUND(IF('دليل المؤشرات'!$D$34="↓",MIN('دليل المؤشرات'!$F$34/E9,1),IF('دليل المؤشرات'!$D$34="★",E9/10,MIN(E9/'دليل المؤشرات'!$F$34,1)))*'دليل المؤشرات'!$E$34,1),0))) -> 14.7 | L9: =IF($B9="","",IF(F9="","",IFERROR(ROUND(IF('دليل المؤشرات'!$D$35="↓",MIN('دليل المؤشرات'!$F$35/F9,1),IF('دليل المؤشرات'!$D$35="★",F9/10,MIN(F9/'دليل المؤشرات'!$F$35,1)))*'دليل المؤشرات'!$E$35,1),0))) -> 15 | M9: =IF($B9="","",IF(G9="","",IFERROR(ROUND(IF('دليل المؤشرات'!$D$36="↓",MIN('دليل المؤشرات'!$F$36/G9,1),IF('دليل المؤشرات'!$D$36="★",G9/10,MIN(G9/'دليل المؤشرات'!$F$36,1)))*'دليل المؤشرات'!$E$36,1),0))) -> 14.6 | N9: =IF($B9="","",IF(H9="","",IFERROR(ROUND(IF('دليل المؤشرات'!$D$37="↓",MIN('دليل المؤشرات'!$F$37/H9,1),IF('دليل المؤشرات'!$D$37="★",H9/10,MIN(H9/'دليل المؤشرات'!$F$37,1)))*'دليل المؤشرات'!$E$37,1),0))) -> 15 | O9: =IF(B9="","",ROUND(SUM(I9:N9),1)) -> 98.4 | P9: =IF(O9="","",IF(O9>=90,"أداء متميز",IF(O9>=75,"يفوق التوقعات",IF(O9>=60,"يلبّي التوقعات",IF(O9>=45,"يحتاج تطوير","غير مُرضٍ"))))) -> أداء متميز
A10: 7 | B10: تركي الزائدي | C10: 71 | D10: 73.6 | E10: 6.7 | F10: 31.1 | G10: 65 | H10: 9 | I10: =IF($B10="","",IF(C10="","",IFERROR(ROUND(IF('دليل المؤشرات'!$D$32="↓",MIN('دليل المؤشرات'!$F$32/C10,1),IF('دليل المؤشرات'!$D$32="★",C10/10,MIN(C10/'دليل المؤشرات'!$F$32,1)))*'دليل المؤشرات'!$E$32,1),0))) -> 15.8 | J10: =IF($B10="","",IF(D10="","",IFERROR(ROUND(IF('دليل المؤشرات'!$D$33="↓",MIN('دليل المؤشرات'!$F$33/D10,1),IF('دليل المؤشرات'!$D$33="★",D10/10,MIN(D10/'دليل المؤشرات'!$F$33,1)))*'دليل المؤشرات'!$E$33,1),0))) -> 14.8 | K10: =IF($B10="","",IF(E10="","",IFERROR(ROUND(IF('دليل المؤشرات'!$D$34="↓",MIN('دليل المؤشرات'!$F$34/E10,1),IF('دليل المؤشرات'!$D$34="★",E10/10,MIN(E10/'دليل المؤشرات'!$F$34,1)))*'دليل المؤشرات'!$E$34,1),0))) -> 11.2 | L10: =IF($B10="","",IF(F10="","",IFERROR(ROUND(IF('دليل المؤشرات'!$D$35="↓",MIN('دليل المؤشرات'!$F$35/F10,1),IF('دليل المؤشرات'!$D$35="★",F10/10,MIN(F10/'دليل المؤشرات'!$F$35,1)))*'دليل المؤشرات'!$E$35,1),0))) -> 11.7 | M10: =IF($B10="","",IF(G10="","",IFERROR(ROUND(IF('دليل المؤشرات'!$D$36="↓",MIN('دليل المؤشرات'!$F$36/G10,1),IF('دليل المؤشرات'!$D$36="★",G10/10,MIN(G10/'دليل المؤشرات'!$F$36,1)))*'دليل المؤشرات'!$E$36,1),0))) -> 12.2 | N10: =IF($B10="","",IF(H10="","",IFERROR(ROUND(IF('دليل المؤشرات'!$D$37="↓",MIN('دليل المؤشرات'!$F$37/H10,1),IF('دليل المؤشرات'!$D$37="★",H10/10,MIN(H10/'دليل المؤشرات'!$F$37,1)))*'دليل المؤشرات'!$E$37,1),0))) -> 13.5 | O10: =IF(B10="","",ROUND(SUM(I10:N10),1)) -> 79.2 | P10: =IF(O10="","",IF(O10>=90,"أداء متميز",IF(O10>=75,"يفوق التوقعات",IF(O10>=60,"يلبّي التوقعات",IF(O10>=45,"يحتاج تطوير","غير مُرضٍ"))))) -> يفوق التوقعات
A11: 8 | B11: سلطان المطيري | C11: 86 | D11: 94.1 | E11: 4.7 | F11: 41.1 | G11: 87 | H11: 10 | I11: =IF($B11="","",IF(C11="","",IFERROR(ROUND(IF('دليل المؤشرات'!$D$32="↓",MIN('دليل المؤشرات'!$F$32/C11,1),IF('دليل المؤشرات'!$D$32="★",C11/10,MIN(C11/'دليل المؤشرات'!$F$32,1)))*'دليل المؤشرات'!$E$32,1),0))) -> 19.1 | J11: =IF($B11="","",IF(D11="","",IFERROR(ROUND(IF('دليل المؤشرات'!$D$33="↓",MIN('دليل المؤشرات'!$F$33/D11,1),IF('دليل المؤشرات'!$D$33="★",D11/10,MIN(D11/'دليل المؤشرات'!$F$33,1)))*'دليل المؤشرات'!$E$33,1),0))) -> 18.9 | K11: =IF($B11="","",IF(E11="","",IFERROR(ROUND(IF('دليل المؤشرات'!$D$34="↓",MIN('دليل المؤشرات'!$F$34/E11,1),IF('دليل المؤشرات'!$D$34="★",E11/10,MIN(E11/'دليل المؤشرات'!$F$34,1)))*'دليل المؤشرات'!$E$34,1),0))) -> 15 | L11: =IF($B11="","",IF(F11="","",IFERROR(ROUND(IF('دليل المؤشرات'!$D$35="↓",MIN('دليل المؤشرات'!$F$35/F11,1),IF('دليل المؤشرات'!$D$35="★",F11/10,MIN(F11/'دليل المؤشرات'!$F$35,1)))*'دليل المؤشرات'!$E$35,1),0))) -> 15 | M11: =IF($B11="","",IF(G11="","",IFERROR(ROUND(IF('دليل المؤشرات'!$D$36="↓",MIN('دليل المؤشرات'!$F$36/G11,1),IF('دليل المؤشرات'!$D$36="★",G11/10,MIN(G11/'دليل المؤشرات'!$F$36,1)))*'دليل المؤشرات'!$E$36,1),0))) -> 15 | N11: =IF($B11="","",IF(H11="","",IFERROR(ROUND(IF('دليل المؤشرات'!$D$37="↓",MIN('دليل المؤشرات'!$F$37/H11,1),IF('دليل المؤشرات'!$D$37="★",H11/10,MIN(H11/'دليل المؤشرات'!$F$37,1)))*'دليل المؤشرات'!$E$37,1),0))) -> 15 | O11: =IF(B11="","",ROUND(SUM(I11:N11),1)) -> 98 | P11: =IF(O11="","",IF(O11>=90,"أداء متميز",IF(O11>=75,"يفوق التوقعات",IF(O11>=60,"يلبّي التوقعات",IF(O11>=45,"يحتاج تطوير","غير مُرضٍ"))))) -> أداء متميز
A12: 9 | B12: سارة الغامدي | C12: 50 | D12: 63.6 | E12: 8.1 | F12: 21.3 | G12: 49 | H12: 6 | I12: =IF($B12="","",IF(C12="","",IFERROR(ROUND(IF('دليل المؤشرات'!$D$32="↓",MIN('دليل المؤشرات'!$F$32/C12,1),IF('دليل المؤشرات'!$D$32="★",C12/10,MIN(C12/'دليل المؤشرات'!$F$32,1)))*'دليل المؤشرات'!$E$32,1),0))) -> 11.1 | J12: =IF($B12="","",IF(D12="","",IFERROR(ROUND(IF('دليل المؤشرات'!$D$33="↓",MIN('دليل المؤشرات'!$F$33/D12,1),IF('دليل المؤشرات'!$D$33="★",D12/10,MIN(D12/'دليل المؤشرات'!$F$33,1)))*'دليل المؤشرات'!$E$33,1),0))) -> 12.8 | K12: =IF($B12="","",IF(E12="","",IFERROR(ROUND(IF('دليل المؤشرات'!$D$34="↓",MIN('دليل المؤشرات'!$F$34/E12,1),IF('دليل المؤشرات'!$D$34="★",E12/10,MIN(E12/'دليل المؤشرات'!$F$34,1)))*'دليل المؤشرات'!$E$34,1),0))) -> 9.3 | L12: =IF($B12="","",IF(F12="","",IFERROR(ROUND(IF('دليل المؤشرات'!$D$35="↓",MIN('دليل المؤشرات'!$F$35/F12,1),IF('دليل المؤشرات'!$D$35="★",F12/10,MIN(F12/'دليل المؤشرات'!$F$35,1)))*'دليل المؤشرات'!$E$35,1),0))) -> 8 | M12: =IF($B12="","",IF(G12="","",IFERROR(ROUND(IF('دليل المؤشرات'!$D$36="↓",MIN('دليل المؤشرات'!$F$36/G12,1),IF('دليل المؤشرات'!$D$36="★",G12/10,MIN(G12/'دليل المؤشرات'!$F$36,1)))*'دليل المؤشرات'!$E$36,1),0))) -> 9.2 | N12: =IF($B12="","",IF(H12="","",IFERROR(ROUND(IF('دليل المؤشرات'!$D$37="↓",MIN('دليل المؤشرات'!$F$37/H12,1),IF('دليل المؤشرات'!$D$37="★",H12/10,MIN(H12/'دليل المؤشرات'!$F$37,1)))*'دليل المؤشرات'!$E$37,1),0))) -> 9 | O12: =IF(B12="","",ROUND(SUM(I12:N12),1)) -> 59.4 | P12: =IF(O12="","",IF(O12>=90,"أداء متميز",IF(O12>=75,"يفوق التوقعات",IF(O12>=60,"يلبّي التوقعات",IF(O12>=45,"يحتاج تطوير","غير مُرضٍ"))))) -> يحتاج تطوير
A13: 10 | B13: العنود العمري | C13: 80 | D13: 82.2 | E13: 6.1 | F13: 32.8 | G13: 71 | H13: 10 | I13: =IF($B13="","",IF(C13="","",IFERROR(ROUND(IF('دليل المؤشرات'!$D$32="↓",MIN('دليل المؤشرات'!$F$32/C13,1),IF('دليل المؤشرات'!$D$32="★",C13/10,MIN(C13/'دليل المؤشرات'!$F$32,1)))*'دليل المؤشرات'!$E$32,1),0))) -> 17.8 | J13: =IF($B13="","",IF(D13="","",IFERROR(ROUND(IF('دليل المؤشرات'!$D$33="↓",MIN('دليل المؤشرات'!$F$33/D13,1),IF('دليل المؤشرات'!$D$33="★",D13/10,MIN(D13/'دليل المؤشرات'!$F$33,1)))*'دليل المؤشرات'!$E$33,1),0))) -> 16.5 | K13: =IF($B13="","",IF(E13="","",IFERROR(ROUND(IF('دليل المؤشرات'!$D$34="↓",MIN('دليل المؤشرات'!$F$34/E13,1),IF('دليل المؤشرات'!$D$34="★",E13/10,MIN(E13/'دليل المؤشرات'!$F$34,1)))*'دليل المؤشرات'!$E$34,1),0))) -> 12.3 | L13: =IF($B13="","",IF(F13="","",IFERROR(ROUND(IF('دليل المؤشرات'!$D$35="↓",MIN('دليل المؤشرات'!$F$35/F13,1),IF('دليل المؤشرات'!$D$35="★",F13/10,MIN(F13/'دليل المؤشرات'!$F$35,1)))*'دليل المؤشرات'!$E$35,1),0))) -> 12.3 | M13: =IF($B13="","",IF(G13="","",IFERROR(ROUND(IF('دليل المؤشرات'!$D$36="↓",MIN('دليل المؤشرات'!$F$36/G13,1),IF('دليل المؤشرات'!$D$36="★",G13/10,MIN(G13/'دليل المؤشرات'!$F$36,1)))*'دليل المؤشرات'!$E$36,1),0))) -> 13.3 | N13: =IF($B13="","",IF(H13="","",IFERROR(ROUND(IF('دليل المؤشرات'!$D$37="↓",MIN('دليل المؤشرات'!$F$37/H13,1),IF('دليل المؤشرات'!$D$37="★",H13/10,MIN(H13/'دليل المؤشرات'!$F$37,1)))*'دليل المؤشرات'!$E$37,1),0))) -> 15 | O13: =IF(B13="","",ROUND(SUM(I13:N13),1)) -> 87.2 | P13: =IF(O13="","",IF(O13>=90,"أداء متميز",IF(O13>=75,"يفوق التوقعات",IF(O13>=60,"يلبّي التوقعات",IF(O13>=45,"يحتاج تطوير","غير مُرضٍ"))))) -> يفوق التوقعات
A14: 11 | B14: لمى السبيعي | C14: 55 | D14: 55.3 | E14: 8.2 | F14: 21.2 | G14: 48 | H14: 5 | I14: =IF($B14="","",IF(C14="","",IFERROR(ROUND(IF('دليل المؤشرات'!$D$32="↓",MIN('دليل المؤشرات'!$F$32/C14,1),IF('دليل المؤشرات'!$D$32="★",C14/10,MIN(C14/'دليل المؤشرات'!$F$32,1)))*'دليل المؤشرات'!$E$32,1),0))) -> 12.2 | J14: =IF($B14="","",IF(D14="","",IFERROR(ROUND(IF('دليل المؤشرات'!$D$33="↓",MIN('دليل المؤشرات'!$F$33/D14,1),IF('دليل المؤشرات'!$D$33="★",D14/10,MIN(D14/'دليل المؤشرات'!$F$33,1)))*'دليل المؤشرات'!$E$33,1),0))) -> 11.1 | K14: =IF($B14="","",IF(E14="","",IFERROR(ROUND(IF('دليل المؤشرات'!$D$34="↓",MIN('دليل المؤشرات'!$F$34/E14,1),IF('دليل المؤشرات'!$D$34="★",E14/10,MIN(E14/'دليل المؤشرات'!$F$34,1)))*'دليل المؤشرات'!$E$34,1),0))) -> 9.1 | L14: =IF($B14="","",IF(F14="","",IFERROR(ROUND(IF('دليل المؤشرات'!$D$35="↓",MIN('دليل المؤشرات'!$F$35/F14,1),IF('دليل المؤشرات'!$D$35="★",F14/10,MIN(F14/'دليل المؤشرات'!$F$35,1)))*'دليل المؤشرات'!$E$35,1),0))) -> 8 | M14: =IF($B14="","",IF(G14="","",IFERROR(ROUND(IF('دليل المؤشرات'!$D$36="↓",MIN('دليل المؤشرات'!$F$36/G14,1),IF('دليل المؤشرات'!$D$36="★",G14/10,MIN(G14/'دليل المؤشرات'!$F$36,1)))*'دليل المؤشرات'!$E$36,1),0))) -> 9 | N14: =IF($B14="","",IF(H14="","",IFERROR(ROUND(IF('دليل المؤشرات'!$D$37="↓",MIN('دليل المؤشرات'!$F$37/H14,1),IF('دليل المؤشرات'!$D$37="★",H14/10,MIN(H14/'دليل المؤشرات'!$F$37,1)))*'دليل المؤشرات'!$E$37,1),0))) -> 7.5 | O14: =IF(B14="","",ROUND(SUM(I14:N14),1)) -> 56.9 | P14: =IF(O14="","",IF(O14>=90,"أداء متميز",IF(O14>=75,"يفوق التوقعات",IF(O14>=60,"يلبّي التوقعات",IF(O14>=45,"يحتاج تطوير","غير مُرضٍ"))))) -> يحتاج تطوير
A15: 12 | B15: لطيفة الشهراني | C15: 61 | D15: 69.9 | E15: 6.4 | F15: 26.2 | G15: 57 | H15: 8 | I15: =IF($B15="","",IF(C15="","",IFERROR(ROUND(IF('دليل المؤشرات'!$D$32="↓",MIN('دليل المؤشرات'!$F$32/C15,1),IF('دليل المؤشرات'!$D$32="★",C15/10,MIN(C15/'دليل المؤشرات'!$F$32,1)))*'دليل المؤشرات'!$E$32,1),0))) -> 13.6 | J15: =IF($B15="","",IF(D15="","",IFERROR(ROUND(IF('دليل المؤشرات'!$D$33="↓",MIN('دليل المؤشرات'!$F$33/D15,1),IF('دليل المؤشرات'!$D$33="★",D15/10,MIN(D15/'دليل المؤشرات'!$F$33,1)))*'دليل المؤشرات'!$E$33,1),0))) -> 14.1 | K15: =IF($B15="","",IF(E15="","",IFERROR(ROUND(IF('دليل المؤشرات'!$D$34="↓",MIN('دليل المؤشرات'!$F$34/E15,1),IF('دليل المؤشرات'!$D$34="★",E15/10,MIN(E15/'دليل المؤشرات'!$F$34,1)))*'دليل المؤشرات'!$E$34,1),0))) -> 11.7 | L15: =IF($B15="","",IF(F15="","",IFERROR(ROUND(IF('دليل المؤشرات'!$D$35="↓",MIN('دليل المؤشرات'!$F$35/F15,1),IF('دليل المؤشرات'!$D$35="★",F15/10,MIN(F15/'دليل المؤشرات'!$F$35,1)))*'دليل المؤشرات'!$E$35,1),0))) -> 9.8 | M15: =IF($B15="","",IF(G15="","",IFERROR(ROUND(IF('دليل المؤشرات'!$D$36="↓",MIN('دليل المؤشرات'!$F$36/G15,1),IF('دليل المؤشرات'!$D$36="★",G15/10,MIN(G15/'دليل المؤشرات'!$F$36,1)))*'دليل المؤشرات'!$E$36,1),0))) -> 10.7 | N15: =IF($B15="","",IF(H15="","",IFERROR(ROUND(IF('دليل المؤشرات'!$D$37="↓",MIN('دليل المؤشرات'!$F$37/H15,1),IF('دليل المؤشرات'!$D$37="★",H15/10,MIN(H15/'دليل المؤشرات'!$F$37,1)))*'دليل المؤشرات'!$E$37,1),0))) -> 12 | O15: =IF(B15="","",ROUND(SUM(I15:N15),1)) -> 71.9 | P15: =IF(O15="","",IF(O15>=90,"أداء متميز",IF(O15>=75,"يفوق التوقعات",IF(O15>=60,"يلبّي التوقعات",IF(O15>=45,"يحتاج تطوير","غير مُرضٍ"))))) -> يلبّي التوقعات
... A20: 17 | B20: نورة الشهراني | C20: 78 | D20: 93.1 | E20: 6.2 | F20: 33.3 | G20: 74 | H20: 8 | I20: =IF($B20="","",IF(C20="","",IFERROR(ROUND(IF('دليل المؤشرات'!$D$32="↓",MIN('دليل المؤشرات'!$F$32/C20,1),IF('دليل المؤشرات'!$D$32="★",C20/10,MIN(C20/'دليل المؤشرات'!$F$32,1)))*'دليل المؤشرات'!$E$32,1),0))) -> 17.3 | J20: =IF($B20="","",IF(D20="","",IFERROR(ROUND(IF('دليل المؤشرات'!$D$33="↓",MIN('دليل المؤشرات'!$F$33/D20,1),IF('دليل المؤشرات'!$D$33="★",D20/10,MIN(D20/'دليل المؤشرات'!$F$33,1)))*'دليل المؤشرات'!$E$33,1),0))) -> 18.7 | K20: =IF($B20="","",IF(E20="","",IFERROR(ROUND(IF('دليل المؤشرات'!$D$34="↓",MIN('دليل المؤشرات'!$F$34/E20,1),IF('دليل المؤشرات'!$D$34="★",E20/10,MIN(E20/'دليل المؤشرات'!$F$34,1)))*'دليل المؤشرات'!$E$34,1),0))) -> 12.1 | L20: =IF($B20="","",IF(F20="","",IFERROR(ROUND(IF('دليل المؤشرات'!$D$35="↓",MIN('دليل المؤشرات'!$F$35/F20,1),IF('دليل المؤشرات'!$D$35="★",F20/10,MIN(F20/'دليل المؤشرات'!$F$35,1)))*'دليل المؤشرات'!$E$35,1),0))) -> 12.5 | M20: =IF($B20="","",IF(G20="","",IFERROR(ROUND(IF('دليل المؤشرات'!$D$36="↓",MIN('دليل المؤشرات'!$F$36/G20,1),IF('دليل المؤشرات'!$D$36="★",G20/10,MIN(G20/'دليل المؤشرات'!$F$36,1)))*'دليل المؤشرات'!$E$36,1),0))) -> 13.9 | N20: =IF($B20="","",IF(H20="","",IFERROR(ROUND(IF('دليل المؤشرات'!$D$37="↓",MIN('دليل المؤشرات'!$F$37/H20,1),IF('دليل المؤشرات'!$D$37="★",H20/10,MIN(H20/'دليل المؤشرات'!$F$37,1)))*'دليل المؤشرات'!$E$37,1),0))) -> 12 | O20: =IF(B20="","",ROUND(SUM(I20:N20),1)) -> 86.5 | P20: =IF(O20="","",IF(O20>=90,"أداء متميز",IF(O20>=75,"يفوق التوقعات",IF(O20>=60,"يلبّي التوقعات",IF(O20>=45,"يحتاج تطوير","غير مُرضٍ"))))) -> يفوق التوقعات
A21: 18 | I21: =IF($B21="","",IF(C21="","",IFERROR(ROUND(IF('دليل المؤشرات'!$D$32="↓",MIN('دليل المؤشرات'!$F$32/C21,1),IF('دليل المؤشرات'!$D$32="★",C21/10,MIN(C21/'دليل المؤشرات'!$F$32,1)))*'دليل المؤشرات'!$E$32,1),0))) | J21: =IF($B21="","",IF(D21="","",IFERROR(ROUND(IF('دليل المؤشرات'!$D$33="↓",MIN('دليل المؤشرات'!$F$33/D21,1),IF('دليل المؤشرات'!$D$33="★",D21/10,MIN(D21/'دليل المؤشرات'!$F$33,1)))*'دليل المؤشرات'!$E$33,1),0))) | K21: =IF($B21="","",IF(E21="","",IFERROR(ROUND(IF('دليل المؤشرات'!$D$34="↓",MIN('دليل المؤشرات'!$F$34/E21,1),IF('دليل المؤشرات'!$D$34="★",E21/10,MIN(E21/'دليل المؤشرات'!$F$34,1)))*'دليل المؤشرات'!$E$34,1),0))) | L21: =IF($B21="","",IF(F21="","",IFERROR(ROUND(IF('دليل المؤشرات'!$D$35="↓",MIN('دليل المؤشرات'!$F$35/F21,1),IF('دليل المؤشرات'!$D$35="★",F21/10,MIN(F21/'دليل المؤشرات'!$F$35,1)))*'دليل المؤشرات'!$E$35,1),0))) | M21: =IF($B21="","",IF(G21="","",IFERROR(ROUND(IF('دليل المؤشرات'!$D$36="↓",MIN('دليل المؤشرات'!$F$36/G21,1),IF('دليل المؤشرات'!$D$36="★",G21/10,MIN(G21/'دليل المؤشرات'!$F$36,1)))*'دليل المؤشرات'!$E$36,1),0))) | N21: =IF($B21="","",IF(H21="","",IFERROR(ROUND(IF('دليل المؤشرات'!$D$37="↓",MIN('دليل المؤشرات'!$F$37/H21,1),IF('دليل المؤشرات'!$D$37="★",H21/10,MIN(H21/'دليل المؤشرات'!$F$37,1)))*'دليل المؤشرات'!$E$37,1),0))) | O21: =IF(B21="","",ROUND(SUM(I21:N21),1)) | P21: =IF(O21="","",IF(O21>=90,"أداء متميز",IF(O21>=75,"يفوق التوقعات",IF(O21>=60,"يلبّي التوقعات",IF(O21>=45,"يحتاج تطوير","غير مُرضٍ")))))
A22: 19 | I22: =IF($B22="","",IF(C22="","",IFERROR(ROUND(IF('دليل المؤشرات'!$D$32="↓",MIN('دليل المؤشرات'!$F$32/C22,1),IF('دليل المؤشرات'!$D$32="★",C22/10,MIN(C22/'دليل المؤشرات'!$F$32,1)))*'دليل المؤشرات'!$E$32,1),0))) | J22: =IF($B22="","",IF(D22="","",IFERROR(ROUND(IF('دليل المؤشرات'!$D$33="↓",MIN('دليل المؤشرات'!$F$33/D22,1),IF('دليل المؤشرات'!$D$33="★",D22/10,MIN(D22/'دليل المؤشرات'!$F$33,1)))*'دليل المؤشرات'!$E$33,1),0))) | K22: =IF($B22="","",IF(E22="","",IFERROR(ROUND(IF('دليل المؤشرات'!$D$34="↓",MIN('دليل المؤشرات'!$F$34/E22,1),IF('دليل المؤشرات'!$D$34="★",E22/10,MIN(E22/'دليل المؤشرات'!$F$34,1)))*'دليل المؤشرات'!$E$34,1),0))) | L22: =IF($B22="","",IF(F22="","",IFERROR(ROUND(IF('دليل المؤشرات'!$D$35="↓",MIN('دليل المؤشرات'!$F$35/F22,1),IF('دليل المؤشرات'!$D$35="★",F22/10,MIN(F22/'دليل المؤشرات'!$F$35,1)))*'دليل المؤشرات'!$E$35,1),0))) | M22: =IF($B22="","",IF(G22="","",IFERROR(ROUND(IF('دليل المؤشرات'!$D$36="↓",MIN('دليل المؤشرات'!$F$36/G22,1),IF('دليل المؤشرات'!$D$36="★",G22/10,MIN(G22/'دليل المؤشرات'!$F$36,1)))*'دليل المؤشرات'!$E$36,1),0))) | N22: =IF($B22="","",IF(H22="","",IFERROR(ROUND(IF('دليل المؤشرات'!$D$37="↓",MIN('دليل المؤشرات'!$F$37/H22,1),IF('دليل المؤشرات'!$D$37="★",H22/10,MIN(H22/'دليل المؤشرات'!$F$37,1)))*'دليل المؤشرات'!$E$37,1),0))) | O22: =IF(B22="","",ROUND(SUM(I22:N22),1)) | P22: =IF(O22="","",IF(O22>=90,"أداء متميز",IF(O22>=75,"يفوق التوقعات",IF(O22>=60,"يلبّي التوقعات",IF(O22>=45,"يحتاج تطوير","غير مُرضٍ")))))
A23: 20 | I23: =IF($B23="","",IF(C23="","",IFERROR(ROUND(IF('دليل المؤشرات'!$D$32="↓",MIN('دليل المؤشرات'!$F$32/C23,1),IF('دليل المؤشرات'!$D$32="★",C23/10,MIN(C23/'دليل المؤشرات'!$F$32,1)))*'دليل المؤشرات'!$E$32,1),0))) | J23: =IF($B23="","",IF(D23="","",IFERROR(ROUND(IF('دليل المؤشرات'!$D$33="↓",MIN('دليل المؤشرات'!$F$33/D23,1),IF('دليل المؤشرات'!$D$33="★",D23/10,MIN(D23/'دليل المؤشرات'!$F$33,1)))*'دليل المؤشرات'!$E$33,1),0))) | K23: =IF($B23="","",IF(E23="","",IFERROR(ROUND(IF('دليل المؤشرات'!$D$34="↓",MIN('دليل المؤشرات'!$F$34/E23,1),IF('دليل المؤشرات'!$D$34="★",E23/10,MIN(E23/'دليل المؤشرات'!$F$34,1)))*'دليل المؤشرات'!$E$34,1),0))) | L23: =IF($B23="","",IF(F23="","",IFERROR(ROUND(IF('دليل المؤشرات'!$D$35="↓",MIN('دليل المؤشرات'!$F$35/F23,1),IF('دليل المؤشرات'!$D$35="★",F23/10,MIN(F23/'دليل المؤشرات'!$F$35,1)))*'دليل المؤشرات'!$E$35,1),0))) | M23: =IF($B23="","",IF(G23="","",IFERROR(ROUND(IF('دليل المؤشرات'!$D$36="↓",MIN('دليل المؤشرات'!$F$36/G23,1),IF('دليل المؤشرات'!$D$36="★",G23/10,MIN(G23/'دليل المؤشرات'!$F$36,1)))*'دليل المؤشرات'!$E$36,1),0))) | N23: =IF($B23="","",IF(H23="","",IFERROR(ROUND(IF('دليل المؤشرات'!$D$37="↓",MIN('دليل المؤشرات'!$F$37/H23,1),IF('دليل المؤشرات'!$D$37="★",H23/10,MIN(H23/'دليل المؤشرات'!$F$37,1)))*'دليل المؤشرات'!$E$37,1),0))) | O23: =IF(B23="","",ROUND(SUM(I23:N23),1)) | P23: =IF(O23="","",IF(O23>=90,"أداء متميز",IF(O23>=75,"يفوق التوقعات",IF(O23>=60,"يلبّي التوقعات",IF(O23>=45,"يحتاج تطوير","غير مُرضٍ")))))
A24: 21 | I24: =IF($B24="","",IF(C24="","",IFERROR(ROUND(IF('دليل المؤشرات'!$D$32="↓",MIN('دليل المؤشرات'!$F$32/C24,1),IF('دليل المؤشرات'!$D$32="★",C24/10,MIN(C24/'دليل المؤشرات'!$F$32,1)))*'دليل المؤشرات'!$E$32,1),0))) | J24: =IF($B24="","",IF(D24="","",IFERROR(ROUND(IF('دليل المؤشرات'!$D$33="↓",MIN('دليل المؤشرات'!$F$33/D24,1),IF('دليل المؤشرات'!$D$33="★",D24/10,MIN(D24/'دليل المؤشرات'!$F$33,1)))*'دليل المؤشرات'!$E$33,1),0))) | K24: =IF($B24="","",IF(E24="","",IFERROR(ROUND(IF('دليل المؤشرات'!$D$34="↓",MIN('دليل المؤشرات'!$F$34/E24,1),IF('دليل المؤشرات'!$D$34="★",E24/10,MIN(E24/'دليل المؤشرات'!$F$34,1)))*'دليل المؤشرات'!$E$34,1),0))) | L24: =IF($B24="","",IF(F24="","",IFERROR(ROUND(IF('دليل المؤشرات'!$D$35="↓",MIN('دليل المؤشرات'!$F$35/F24,1),IF('دليل المؤشرات'!$D$35="★",F24/10,MIN(F24/'دليل المؤشرات'!$F$35,1)))*'دليل المؤشرات'!$E$35,1),0))) | M24: =IF($B24="","",IF(G24="","",IFERROR(ROUND(IF('دليل المؤشرات'!$D$36="↓",MIN('دليل المؤشرات'!$F$36/G24,1),IF('دليل المؤشرات'!$D$36="★",G24/10,MIN(G24/'دليل المؤشرات'!$F$36,1)))*'دليل المؤشرات'!$E$36,1),0))) | N24: =IF($B24="","",IF(H24="","",IFERROR(ROUND(IF('دليل المؤشرات'!$D$37="↓",MIN('دليل المؤشرات'!$F$37/H24,1),IF('دليل المؤشرات'!$D$37="★",H24/10,MIN(H24/'دليل المؤشرات'!$F$37,1)))*'دليل المؤشرات'!$E$37,1),0))) | O24: =IF(B24="","",ROUND(SUM(I24:N24),1)) | P24: =IF(O24="","",IF(O24>=90,"أداء متميز",IF(O24>=75,"يفوق التوقعات",IF(O24>=60,"يلبّي التوقعات",IF(O24>=45,"يحتاج تطوير","غير مُرضٍ")))))
A25: 22 | I25: =IF($B25="","",IF(C25="","",IFERROR(ROUND(IF('دليل المؤشرات'!$D$32="↓",MIN('دليل المؤشرات'!$F$32/C25,1),IF('دليل المؤشرات'!$D$32="★",C25/10,MIN(C25/'دليل المؤشرات'!$F$32,1)))*'دليل المؤشرات'!$E$32,1),0))) | J25: =IF($B25="","",IF(D25="","",IFERROR(ROUND(IF('دليل المؤشرات'!$D$33="↓",MIN('دليل المؤشرات'!$F$33/D25,1),IF('دليل المؤشرات'!$D$33="★",D25/10,MIN(D25/'دليل المؤشرات'!$F$33,1)))*'دليل المؤشرات'!$E$33,1),0))) | K25: =IF($B25="","",IF(E25="","",IFERROR(ROUND(IF('دليل المؤشرات'!$D$34="↓",MIN('دليل المؤشرات'!$F$34/E25,1),IF('دليل المؤشرات'!$D$34="★",E25/10,MIN(E25/'دليل المؤشرات'!$F$34,1)))*'دليل المؤشرات'!$E$34,1),0))) | L25: =IF($B25="","",IF(F25="","",IFERROR(ROUND(IF('دليل المؤشرات'!$D$35="↓",MIN('دليل المؤشرات'!$F$35/F25,1),IF('دليل المؤشرات'!$D$35="★",F25/10,MIN(F25/'دليل المؤشرات'!$F$35,1)))*'دليل المؤشرات'!$E$35,1),0))) | M25: =IF($B25="","",IF(G25="","",IFERROR(ROUND(IF('دليل المؤشرات'!$D$36="↓",MIN('دليل المؤشرات'!$F$36/G25,1),IF('دليل المؤشرات'!$D$36="★",G25/10,MIN(G25/'دليل المؤشرات'!$F$36,1)))*'دليل المؤشرات'!$E$36,1),0))) | N25: =IF($B25="","",IF(H25="","",IFERROR(ROUND(IF('دليل المؤشرات'!$D$37="↓",MIN('دليل المؤشرات'!$F$37/H25,1),IF('دليل المؤشرات'!$D$37="★",H25/10,MIN(H25/'دليل المؤشرات'!$F$37,1)))*'دليل المؤشرات'!$E$37,1),0))) | O25: =IF(B25="","",ROUND(SUM(I25:N25),1)) | P25: =IF(O25="","",IF(O25>=90,"أداء متميز",IF(O25>=75,"يفوق التوقعات",IF(O25>=60,"يلبّي التوقعات",IF(O25>=45,"يحتاج تطوير","غير مُرضٍ")))))
A26: 23 | I26: =IF($B26="","",IF(C26="","",IFERROR(ROUND(IF('دليل المؤشرات'!$D$32="↓",MIN('دليل المؤشرات'!$F$32/C26,1),IF('دليل المؤشرات'!$D$32="★",C26/10,MIN(C26/'دليل المؤشرات'!$F$32,1)))*'دليل المؤشرات'!$E$32,1),0))) | J26: =IF($B26="","",IF(D26="","",IFERROR(ROUND(IF('دليل المؤشرات'!$D$33="↓",MIN('دليل المؤشرات'!$F$33/D26,1),IF('دليل المؤشرات'!$D$33="★",D26/10,MIN(D26/'دليل المؤشرات'!$F$33,1)))*'دليل المؤشرات'!$E$33,1),0))) | K26: =IF($B26="","",IF(E26="","",IFERROR(ROUND(IF('دليل المؤشرات'!$D$34="↓",MIN('دليل المؤشرات'!$F$34/E26,1),IF('دليل المؤشرات'!$D$34="★",E26/10,MIN(E26/'دليل المؤشرات'!$F$34,1)))*'دليل المؤشرات'!$E$34,1),0))) | L26: =IF($B26="","",IF(F26="","",IFERROR(ROUND(IF('دليل المؤشرات'!$D$35="↓",MIN('دليل المؤشرات'!$F$35/F26,1),IF('دليل المؤشرات'!$D$35="★",F26/10,MIN(F26/'دليل المؤشرات'!$F$35,1)))*'دليل المؤشرات'!$E$35,1),0))) | M26: =IF($B26="","",IF(G26="","",IFERROR(ROUND(IF('دليل المؤشرات'!$D$36="↓",MIN('دليل المؤشرات'!$F$36/G26,1),IF('دليل المؤشرات'!$D$36="★",G26/10,MIN(G26/'دليل المؤشرات'!$F$36,1)))*'دليل المؤشرات'!$E$36,1),0))) | N26: =IF($B26="","",IF(H26="","",IFERROR(ROUND(IF('دليل المؤشرات'!$D$37="↓",MIN('دليل المؤشرات'!$F$37/H26,1),IF('دليل المؤشرات'!$D$37="★",H26/10,MIN(H26/'دليل المؤشرات'!$F$37,1)))*'دليل المؤشرات'!$E$37,1),0))) | O26: =IF(B26="","",ROUND(SUM(I26:N26),1)) | P26: =IF(O26="","",IF(O26>=90,"أداء متميز",IF(O26>=75,"يفوق التوقعات",IF(O26>=60,"يلبّي التوقعات",IF(O26>=45,"يحتاج تطوير","غير مُرضٍ")))))
A27: 24 | I27: =IF($B27="","",IF(C27="","",IFERROR(ROUND(IF('دليل المؤشرات'!$D$32="↓",MIN('دليل المؤشرات'!$F$32/C27,1),IF('دليل المؤشرات'!$D$32="★",C27/10,MIN(C27/'دليل المؤشرات'!$F$32,1)))*'دليل المؤشرات'!$E$32,1),0))) | J27: =IF($B27="","",IF(D27="","",IFERROR(ROUND(IF('دليل المؤشرات'!$D$33="↓",MIN('دليل المؤشرات'!$F$33/D27,1),IF('دليل المؤشرات'!$D$33="★",D27/10,MIN(D27/'دليل المؤشرات'!$F$33,1)))*'دليل المؤشرات'!$E$33,1),0))) | K27: =IF($B27="","",IF(E27="","",IFERROR(ROUND(IF('دليل المؤشرات'!$D$34="↓",MIN('دليل المؤشرات'!$F$34/E27,1),IF('دليل المؤشرات'!$D$34="★",E27/10,MIN(E27/'دليل المؤشرات'!$F$34,1)))*'دليل المؤشرات'!$E$34,1),0))) | L27: =IF($B27="","",IF(F27="","",IFERROR(ROUND(IF('دليل المؤشرات'!$D$35="↓",MIN('دليل المؤشرات'!$F$35/F27,1),IF('دليل المؤشرات'!$D$35="★",F27/10,MIN(F27/'دليل المؤشرات'!$F$35,1)))*'دليل المؤشرات'!$E$35,1),0))) | M27: =IF($B27="","",IF(G27="","",IFERROR(ROUND(IF('دليل المؤشرات'!$D$36="↓",MIN('دليل المؤشرات'!$F$36/G27,1),IF('دليل المؤشرات'!$D$36="★",G27/10,MIN(G27/'دليل المؤشرات'!$F$36,1)))*'دليل المؤشرات'!$E$36,1),0))) | N27: =IF($B27="","",IF(H27="","",IFERROR(ROUND(IF('دليل المؤشرات'!$D$37="↓",MIN('دليل المؤشرات'!$F$37/H27,1),IF('دليل المؤشرات'!$D$37="★",H27/10,MIN(H27/'دليل المؤشرات'!$F$37,1)))*'دليل المؤشرات'!$E$37,1),0))) | O27: =IF(B27="","",ROUND(SUM(I27:N27),1)) | P27: =IF(O27="","",IF(O27>=90,"أداء متميز",IF(O27>=75,"يفوق التوقعات",IF(O27>=60,"يلبّي التوقعات",IF(O27>=45,"يحتاج تطوير","غير مُرضٍ")))))
A28: 25 | I28: =IF($B28="","",IF(C28="","",IFERROR(ROUND(IF('دليل المؤشرات'!$D$32="↓",MIN('دليل المؤشرات'!$F$32/C28,1),IF('دليل المؤشرات'!$D$32="★",C28/10,MIN(C28/'دليل المؤشرات'!$F$32,1)))*'دليل المؤشرات'!$E$32,1),0))) | J28: =IF($B28="","",IF(D28="","",IFERROR(ROUND(IF('دليل المؤشرات'!$D$33="↓",MIN('دليل المؤشرات'!$F$33/D28,1),IF('دليل المؤشرات'!$D$33="★",D28/10,MIN(D28/'دليل المؤشرات'!$F$33,1)))*'دليل المؤشرات'!$E$33,1),0))) | K28: =IF($B28="","",IF(E28="","",IFERROR(ROUND(IF('دليل المؤشرات'!$D$34="↓",MIN('دليل المؤشرات'!$F$34/E28,1),IF('دليل المؤشرات'!$D$34="★",E28/10,MIN(E28/'دليل المؤشرات'!$F$34,1)))*'دليل المؤشرات'!$E$34,1),0))) | L28: =IF($B28="","",IF(F28="","",IFERROR(ROUND(IF('دليل المؤشرات'!$D$35="↓",MIN('دليل المؤشرات'!$F$35/F28,1),IF('دليل المؤشرات'!$D$35="★",F28/10,MIN(F28/'دليل المؤشرات'!$F$35,1)))*'دليل المؤشرات'!$E$35,1),0))) | M28: =IF($B28="","",IF(G28="","",IFERROR(ROUND(IF('دليل المؤشرات'!$D$36="↓",MIN('دليل المؤشرات'!$F$36/G28,1),IF('دليل المؤشرات'!$D$36="★",G28/10,MIN(G28/'دليل المؤشرات'!$F$36,1)))*'دليل المؤشرات'!$E$36,1),0))) | N28: =IF($B28="","",IF(H28="","",IFERROR(ROUND(IF('دليل المؤشرات'!$D$37="↓",MIN('دليل المؤشرات'!$F$37/H28,1),IF('دليل المؤشرات'!$D$37="★",H28/10,MIN(H28/'دليل المؤشرات'!$F$37,1)))*'دليل المؤشرات'!$E$37,1),0))) | O28: =IF(B28="","",ROUND(SUM(I28:N28),1)) | P28: =IF(O28="","",IF(O28>=90,"أداء متميز",IF(O28>=75,"يفوق التوقعات",IF(O28>=60,"يلبّي التوقعات",IF(O28>=45,"يحتاج تطوير","غير مُرضٍ")))))
B30: متوسط القسم (يتجاهل الصفوف الفارغة) | O30: =IFERROR(ROUND(AVERAGE(O4:O28),1),0) -> 84.3 | P30: =COUNTA(B4:B28)&" موظف" -> 17 موظف

Sheet المالية والمحاسبة
A1: بطاقة مؤشرات الأداء — المالية والمحاسبة | المجموع 100 نقطة · صفر على الحضور
A2: # | B2: اسم الموظف | C2: الفواتير المحصّلة في الموعد % | D2: دقة التقارير المالية % | E2: الإقفال الشهري في الموعد % | F2: انحراف الميزانية % | G2: معالجة الرواتب بلا أخطاء % | H2: الالتزام الزكوي في الموعد % | I2: د1 | J2: د2 | K2: د3 | L2: د4 | M2: د5 | N2: د6 | O2: الإجمالي | P2: النتيجة
B3: الهدف ← | → الوزن | C3: ='دليل المؤشرات'!F39 -> 90 | D3: ='دليل المؤشرات'!F40 -> 98 | E3: ='دليل المؤشرات'!F41 -> 100 | F3: ='دليل المؤشرات'!F42 -> 5 | G3: ='دليل المؤشرات'!F43 -> 100 | H3: ='دليل المؤشرات'!F44 -> 100 | I3: ='دليل المؤشرات'!E39 -> 25 | J3: ='دليل المؤشرات'!E40 -> 20 | K3: ='دليل المؤشرات'!E41 -> 20 | L3: ='دليل المؤشرات'!E42 -> 15 | M3: ='دليل المؤشرات'!E43 -> 10 | N3: ='دليل المؤشرات'!E44 -> 10 | O3: 100
A4: 1 | B4: فيصل الدوسري | C4: 72 | D4: 87 | E4: 89 | F4: 6.6 | G4: 75 | H4: 80 | I4: =IF($B4="","",IF(C4="","",IFERROR(ROUND(IF('دليل المؤشرات'!$D$39="↓",MIN('دليل المؤشرات'!$F$39/C4,1),IF('دليل المؤشرات'!$D$39="★",C4/10,MIN(C4/'دليل المؤشرات'!$F$39,1)))*'دليل المؤشرات'!$E$39,1),0))) -> 20 | J4: =IF($B4="","",IF(D4="","",IFERROR(ROUND(IF('دليل المؤشرات'!$D$40="↓",MIN('دليل المؤشرات'!$F$40/D4,1),IF('دليل المؤشرات'!$D$40="★",D4/10,MIN(D4/'دليل المؤشرات'!$F$40,1)))*'دليل المؤشرات'!$E$40,1),0))) -> 17.8 | K4: =IF($B4="","",IF(E4="","",IFERROR(ROUND(IF('دليل المؤشرات'!$D$41="↓",MIN('دليل المؤشرات'!$F$41/E4,1),IF('دليل المؤشرات'!$D$41="★",E4/10,MIN(E4/'دليل المؤشرات'!$F$41,1)))*'دليل المؤشرات'!$E$41,1),0))) -> 17.8 | L4: =IF($B4="","",IF(F4="","",IFERROR(ROUND(IF('دليل المؤشرات'!$D$42="↓",MIN('دليل المؤشرات'!$F$42/F4,1),IF('دليل المؤشرات'!$D$42="★",F4/10,MIN(F4/'دليل المؤشرات'!$F$42,1)))*'دليل المؤشرات'!$E$42,1),0))) -> 11.4 | M4: =IF($B4="","",IF(G4="","",IFERROR(ROUND(IF('دليل المؤشرات'!$D$43="↓",MIN('دليل المؤشرات'!$F$43/G4,1),IF('دليل المؤشرات'!$D$43="★",G4/10,MIN(G4/'دليل المؤشرات'!$F$43,1)))*'دليل المؤشرات'!$E$43,1),0))) -> 7.5 | N4: =IF($B4="","",IF(H4="","",IFERROR(ROUND(IF('دليل المؤشرات'!$D$44="↓",MIN('دليل المؤشرات'!$F$44/H4,1),IF('دليل المؤشرات'!$D$44="★",H4/10,MIN(H4/'دليل المؤشرات'!$F$44,1)))*'دليل المؤشرات'!$E$44,1),0))) -> 8 | O4: =IF(B4="","",ROUND(SUM(I4:N4),1)) -> 82.5 | P4: =IF(O4="","",IF(O4>=90,"أداء متميز",IF(O4>=75,"يفوق التوقعات",IF(O4>=60,"يلبّي التوقعات",IF(O4>=45,"يحتاج تطوير","غير مُرضٍ"))))) -> يفوق التوقعات
A5: 2 | B5: لطيفة الدوسري | C5: 86 | D5: 85 | E5: 87 | F5: 5.8 | G5: 86 | H5: 86 | I5: =IF($B5="","",IF(C5="","",IFERROR(ROUND(IF('دليل المؤشرات'!$D$39="↓",MIN('دليل المؤشرات'!$F$39/C5,1),IF('دليل المؤشرات'!$D$39="★",C5/10,MIN(C5/'دليل المؤشرات'!$F$39,1)))*'دليل المؤشرات'!$E$39,1),0))) -> 23.9 | J5: =IF($B5="","",IF(D5="","",IFERROR(ROUND(IF('دليل المؤشرات'!$D$40="↓",MIN('دليل المؤشرات'!$F$40/D5,1),IF('دليل المؤشرات'!$D$40="★",D5/10,MIN(D5/'دليل المؤشرات'!$F$40,1)))*'دليل المؤشرات'!$E$40,1),0))) -> 17.3 | K5: =IF($B5="","",IF(E5="","",IFERROR(ROUND(IF('دليل المؤشرات'!$D$41="↓",MIN('دليل المؤشرات'!$F$41/E5,1),IF('دليل المؤشرات'!$D$41="★",E5/10,MIN(E5/'دليل المؤشرات'!$F$41,1)))*'دليل المؤشرات'!$E$41,1),0))) -> 17.4 | L5: =IF($B5="","",IF(F5="","",IFERROR(ROUND(IF('دليل المؤشرات'!$D$42="↓",MIN('دليل المؤشرات'!$F$42/F5,1),IF('دليل المؤشرات'!$D$42="★",F5/10,MIN(F5/'دليل المؤشرات'!$F$42,1)))*'دليل المؤشرات'!$E$42,1),0))) -> 12.9 | M5: =IF($B5="","",IF(G5="","",IFERROR(ROUND(IF('دليل المؤشرات'!$D$43="↓",MIN('دليل المؤشرات'!$F$43/G5,1),IF('دليل المؤشرات'!$D$43="★",G5/10,MIN(G5/'دليل المؤشرات'!$F$43,1)))*'دليل المؤشرات'!$E$43,1),0))) -> 8.6 | N5: =IF($B5="","",IF(H5="","",IFERROR(ROUND(IF('دليل المؤشرات'!$D$44="↓",MIN('دليل المؤشرات'!$F$44/H5,1),IF('دليل المؤشرات'!$D$44="★",H5/10,MIN(H5/'دليل المؤشرات'!$F$44,1)))*'دليل المؤشرات'!$E$44,1),0))) -> 8.6 | O5: =IF(B5="","",ROUND(SUM(I5:N5),1)) -> 88.7 | P5: =IF(O5="","",IF(O5>=90,"أداء متميز",IF(O5>=75,"يفوق التوقعات",IF(O5>=60,"يلبّي التوقعات",IF(O5>=45,"يحتاج تطوير","غير مُرضٍ"))))) -> يفوق التوقعات
A6: 3 | B6: أمل المالكي | C6: 63 | D6: 69 | E6: 72 | F6: 6.2 | G6: 70 | H6: 68 | I6: =IF($B6="","",IF(C6="","",IFERROR(ROUND(IF('دليل المؤشرات'!$D$39="↓",MIN('دليل المؤشرات'!$F$39/C6,1),IF('دليل المؤشرات'!$D$39="★",C6/10,MIN(C6/'دليل المؤشرات'!$F$39,1)))*'دليل المؤشرات'!$E$39,1),0))) -> 17.5 | J6: =IF($B6="","",IF(D6="","",IFERROR(ROUND(IF('دليل المؤشرات'!$D$40="↓",MIN('دليل المؤشرات'!$F$40/D6,1),IF('دليل المؤشرات'!$D$40="★",D6/10,MIN(D6/'دليل المؤشرات'!$F$40,1)))*'دليل المؤشرات'!$E$40,1),0))) -> 14.1 | K6: =IF($B6="","",IF(E6="","",IFERROR(ROUND(IF('دليل المؤشرات'!$D$41="↓",MIN('دليل المؤشرات'!$F$41/E6,1),IF('دليل المؤشرات'!$D$41="★",E6/10,MIN(E6/'دليل المؤشرات'!$F$41,1)))*'دليل المؤشرات'!$E$41,1),0))) -> 14.4 | L6: =IF($B6="","",IF(F6="","",IFERROR(ROUND(IF('دليل المؤشرات'!$D$42="↓",MIN('دليل المؤشرات'!$F$42/F6,1),IF('دليل المؤشرات'!$D$42="★",F6/10,MIN(F6/'دليل المؤشرات'!$F$42,1)))*'دليل المؤشرات'!$E$42,1),0))) -> 12.1 | M6: =IF($B6="","",IF(G6="","",IFERROR(ROUND(IF('دليل المؤشرات'!$D$43="↓",MIN('دليل المؤشرات'!$F$43/G6,1),IF('دليل المؤشرات'!$D$43="★",G6/10,MIN(G6/'دليل المؤشرات'!$F$43,1)))*'دليل المؤشرات'!$E$43,1),0))) -> 7 | N6: =IF($B6="","",IF(H6="","",IFERROR(ROUND(IF('دليل المؤشرات'!$D$44="↓",MIN('دليل المؤشرات'!$F$44/H6,1),IF('دليل المؤشرات'!$D$44="★",H6/10,MIN(H6/'دليل المؤشرات'!$F$44,1)))*'دليل المؤشرات'!$E$44,1),0))) -> 6.8 | O6: =IF(B6="","",ROUND(SUM(I6:N6),1)) -> 71.9 | P6: =IF(O6="","",IF(O6>=90,"أداء متميز",IF(O6>=75,"يفوق التوقعات",IF(O6>=60,"يلبّي التوقعات",IF(O6>=45,"يحتاج تطوير","غير مُرضٍ"))))) -> يلبّي التوقعات
A7: 4 | B7: أسماء المالكي | C7: 76 | D7: 74 | E7: 81 | F7: 6.7 | G7: 74 | H7: 88 | I7: =IF($B7="","",IF(C7="","",IFERROR(ROUND(IF('دليل المؤشرات'!$D$39="↓",MIN('دليل المؤشرات'!$F$39/C7,1),IF('دليل المؤشرات'!$D$39="★",C7/10,MIN(C7/'دليل المؤشرات'!$F$39,1)))*'دليل المؤشرات'!$E$39,1),0))) -> 21.1 | J7: =IF($B7="","",IF(D7="","",IFERROR(ROUND(IF('دليل المؤشرات'!$D$40="↓",MIN('دليل المؤشرات'!$F$40/D7,1),IF('دليل المؤشرات'!$D$40="★",D7/10,MIN(D7/'دليل المؤشرات'!$F$40,1)))*'دليل المؤشرات'!$E$40,1),0))) -> 15.1 | K7: =IF($B7="","",IF(E7="","",IFERROR(ROUND(IF('دليل المؤشرات'!$D$41="↓",MIN('دليل المؤشرات'!$F$41/E7,1),IF('دليل المؤشرات'!$D$41="★",E7/10,MIN(E7/'دليل المؤشرات'!$F$41,1)))*'دليل المؤشرات'!$E$41,1),0))) -> 16.2 | L7: =IF($B7="","",IF(F7="","",IFERROR(ROUND(IF('دليل المؤشرات'!$D$42="↓",MIN('دليل المؤشرات'!$F$42/F7,1),IF('دليل المؤشرات'!$D$42="★",F7/10,MIN(F7/'دليل المؤشرات'!$F$42,1)))*'دليل المؤشرات'!$E$42,1),0))) -> 11.2 | M7: =IF($B7="","",IF(G7="","",IFERROR(ROUND(IF('دليل المؤشرات'!$D$43="↓",MIN('دليل المؤشرات'!$F$43/G7,1),IF('دليل المؤشرات'!$D$43="★",G7/10,MIN(G7/'دليل المؤشرات'!$F$43,1)))*'دليل المؤشرات'!$E$43,1),0))) -> 7.4 | N7: =IF($B7="","",IF(H7="","",IFERROR(ROUND(IF('دليل المؤشرات'!$D$44="↓",MIN('دليل المؤشرات'!$F$44/H7,1),IF('دليل المؤشرات'!$D$44="★",H7/10,MIN(H7/'دليل المؤشرات'!$F$44,1)))*'دليل المؤشرات'!$E$44,1),0))) -> 8.8 | O7: =IF(B7="","",ROUND(SUM(I7:N7),1)) -> 79.8 | P7: =IF(O7="","",IF(O7>=90,"أداء متميز",IF(O7>=75,"يفوق التوقعات",IF(O7>=60,"يلبّي التوقعات",IF(O7>=45,"يحتاج تطوير","غير مُرضٍ"))))) -> يفوق التوقعات
A8: 5 | B8: ناصر الشهراني | C8: 91 | D8: 83 | E8: 90 | F8: 5.8 | G8: 88 | H8: 103 | I8: =IF($B8="","",IF(C8="","",IFERROR(ROUND(IF('دليل المؤشرات'!$D$39="↓",MIN('دليل المؤشرات'!$F$39/C8,1),IF('دليل المؤشرات'!$D$39="★",C8/10,MIN(C8/'دليل المؤشرات'!$F$39,1)))*'دليل المؤشرات'!$E$39,1),0))) -> 25 | J8: =IF($B8="","",IF(D8="","",IFERROR(ROUND(IF('دليل المؤشرات'!$D$40="↓",MIN('دليل المؤشرات'!$F$40/D8,1),IF('دليل المؤشرات'!$D$40="★",D8/10,MIN(D8/'دليل المؤشرات'!$F$40,1)))*'دليل المؤشرات'!$E$40,1),0))) -> 16.9 | K8: =IF($B8="","",IF(E8="","",IFERROR(ROUND(IF('دليل المؤشرات'!$D$41="↓",MIN('دليل المؤشرات'!$F$41/E8,1),IF('دليل المؤشرات'!$D$41="★",E8/10,MIN(E8/'دليل المؤشرات'!$F$41,1)))*'دليل المؤشرات'!$E$41,1),0))) -> 18 | L8: =IF($B8="","",IF(F8="","",IFERROR(ROUND(IF('دليل المؤشرات'!$D$42="↓",MIN('دليل المؤشرات'!$F$42/F8,1),IF('دليل المؤشرات'!$D$42="★",F8/10,MIN(F8/'دليل المؤشرات'!$F$42,1)))*'دليل المؤشرات'!$E$42,1),0))) -> 12.9 | M8: =IF($B8="","",IF(G8="","",IFERROR(ROUND(IF('دليل المؤشرات'!$D$43="↓",MIN('دليل المؤشرات'!$F$43/G8,1),IF('دليل المؤشرات'!$D$43="★",G8/10,MIN(G8/'دليل المؤشرات'!$F$43,1)))*'دليل المؤشرات'!$E$43,1),0))) -> 8.8 | N8: =IF($B8="","",IF(H8="","",IFERROR(ROUND(IF('دليل المؤشرات'!$D$44="↓",MIN('دليل المؤشرات'!$F$44/H8,1),IF('دليل المؤشرات'!$D$44="★",H8/10,MIN(H8/'دليل المؤشرات'!$F$44,1)))*'دليل المؤشرات'!$E$44,1),0))) -> 10 | O8: =IF(B8="","",ROUND(SUM(I8:N8),1)) -> 91.6 | P8: =IF(O8="","",IF(O8>=90,"أداء متميز",IF(O8>=75,"يفوق التوقعات",IF(O8>=60,"يلبّي التوقعات",IF(O8>=45,"يحتاج تطوير","غير مُرضٍ"))))) -> أداء متميز
A9: 6 | B9: العنود الجهني | C9: 49 | D9: 49 | E9: 49 | F9: 9.3 | G9: 56 | H9: 47 | I9: =IF($B9="","",IF(C9="","",IFERROR(ROUND(IF('دليل المؤشرات'!$D$39="↓",MIN('دليل المؤشرات'!$F$39/C9,1),IF('دليل المؤشرات'!$D$39="★",C9/10,MIN(C9/'دليل المؤشرات'!$F$39,1)))*'دليل المؤشرات'!$E$39,1),0))) -> 13.6 | J9: =IF($B9="","",IF(D9="","",IFERROR(ROUND(IF('دليل المؤشرات'!$D$40="↓",MIN('دليل المؤشرات'!$F$40/D9,1),IF('دليل المؤشرات'!$D$40="★",D9/10,MIN(D9/'دليل المؤشرات'!$F$40,1)))*'دليل المؤشرات'!$E$40,1),0))) -> 10 | K9: =IF($B9="","",IF(E9="","",IFERROR(ROUND(IF('دليل المؤشرات'!$D$41="↓",MIN('دليل المؤشرات'!$F$41/E9,1),IF('دليل المؤشرات'!$D$41="★",E9/10,MIN(E9/'دليل المؤشرات'!$F$41,1)))*'دليل المؤشرات'!$E$41,1),0))) -> 9.8 | L9: =IF($B9="","",IF(F9="","",IFERROR(ROUND(IF('دليل المؤشرات'!$D$42="↓",MIN('دليل المؤشرات'!$F$42/F9,1),IF('دليل المؤشرات'!$D$42="★",F9/10,MIN(F9/'دليل المؤشرات'!$F$42,1)))*'دليل المؤشرات'!$E$42,1),0))) -> 8.1 | M9: =IF($B9="","",IF(G9="","",IFERROR(ROUND(IF('دليل المؤشرات'!$D$43="↓",MIN('دليل المؤشرات'!$F$43/G9,1),IF('دليل المؤشرات'!$D$43="★",G9/10,MIN(G9/'دليل المؤشرات'!$F$43,1)))*'دليل المؤشرات'!$E$43,1),0))) -> 5.6 | N9: =IF($B9="","",IF(H9="","",IFERROR(ROUND(IF('دليل المؤشرات'!$D$44="↓",MIN('دليل المؤشرات'!$F$44/H9,1),IF('دليل المؤشرات'!$D$44="★",H9/10,MIN(H9/'دليل المؤشرات'!$F$44,1)))*'دليل المؤشرات'!$E$44,1),0))) -> 4.7 | O9: =IF(B9="","",ROUND(SUM(I9:N9),1)) -> 51.8 | P9: =IF(O9="","",IF(O9>=90,"أداء متميز",IF(O9>=75,"يفوق التوقعات",IF(O9>=60,"يلبّي التوقعات",IF(O9>=45,"يحتاج تطوير","غير مُرضٍ"))))) -> يحتاج تطوير
A10: 7 | B10: جنى الزائدي | C10: 56 | D10: 57 | E10: 62 | F10: 8.6 | G10: 71 | H10: 58 | I10: =IF($B10="","",IF(C10="","",IFERROR(ROUND(IF('دليل المؤشرات'!$D$39="↓",MIN('دليل المؤشرات'!$F$39/C10,1),IF('دليل المؤشرات'!$D$39="★",C10/10,MIN(C10/'دليل المؤشرات'!$F$39,1)))*'دليل المؤشرات'!$E$39,1),0))) -> 15.6 | J10: =IF($B10="","",IF(D10="","",IFERROR(ROUND(IF('دليل المؤشرات'!$D$40="↓",MIN('دليل المؤشرات'!$F$40/D10,1),IF('دليل المؤشرات'!$D$40="★",D10/10,MIN(D10/'دليل المؤشرات'!$F$40,1)))*'دليل المؤشرات'!$E$40,1),0))) -> 11.6 | K10: =IF($B10="","",IF(E10="","",IFERROR(ROUND(IF('دليل المؤشرات'!$D$41="↓",MIN('دليل المؤشرات'!$F$41/E10,1),IF('دليل المؤشرات'!$D$41="★",E10/10,MIN(E10/'دليل المؤشرات'!$F$41,1)))*'دليل المؤشرات'!$E$41,1),0))) -> 12.4 | L10: =IF($B10="","",IF(F10="","",IFERROR(ROUND(IF('دليل المؤشرات'!$D$42="↓",MIN('دليل المؤشرات'!$F$42/F10,1),IF('دليل المؤشرات'!$D$42="★",F10/10,MIN(F10/'دليل المؤشرات'!$F$42,1)))*'دليل المؤشرات'!$E$42,1),0))) -> 8.7 | M10: =IF($B10="","",IF(G10="","",IFERROR(ROUND(IF('دليل المؤشرات'!$D$43="↓",MIN('دليل المؤشرات'!$F$43/G10,1),IF('دليل المؤشرات'!$D$43="★",G10/10,MIN(G10/'دليل المؤشرات'!$F$43,1)))*'دليل المؤشرات'!$E$43,1),0))) -> 7.1 | N10: =IF($B10="","",IF(H10="","",IFERROR(ROUND(IF('دليل المؤشرات'!$D$44="↓",MIN('دليل المؤشرات'!$F$44/H10,1),IF('دليل المؤشرات'!$D$44="★",H10/10,MIN(H10/'دليل المؤشرات'!$F$44,1)))*'دليل المؤشرات'!$E$44,1),0))) -> 5.8 | O10: =IF(B10="","",ROUND(SUM(I10:N10),1)) -> 61.2 | P10: =IF(O10="","",IF(O10>=90,"أداء متميز",IF(O10>=75,"يفوق التوقعات",IF(O10>=60,"يلبّي التوقعات",IF(O10>=45,"يحتاج تطوير","غير مُرضٍ"))))) -> يلبّي التوقعات
A11: 8 | B11: عبدالله العمري | C11: 69 | D11: 75 | E11: 80 | F11: 7 | G11: 71 | H11: 78 | I11: =IF($B11="","",IF(C11="","",IFERROR(ROUND(IF('دليل المؤشرات'!$D$39="↓",MIN('دليل المؤشرات'!$F$39/C11,1),IF('دليل المؤشرات'!$D$39="★",C11/10,MIN(C11/'دليل المؤشرات'!$F$39,1)))*'دليل المؤشرات'!$E$39,1),0))) -> 19.2 | J11: =IF($B11="","",IF(D11="","",IFERROR(ROUND(IF('دليل المؤشرات'!$D$40="↓",MIN('دليل المؤشرات'!$F$40/D11,1),IF('دليل المؤشرات'!$D$40="★",D11/10,MIN(D11/'دليل المؤشرات'!$F$40,1)))*'دليل المؤشرات'!$E$40,1),0))) -> 15.3 | K11: =IF($B11="","",IF(E11="","",IFERROR(ROUND(IF('دليل المؤشرات'!$D$41="↓",MIN('دليل المؤشرات'!$F$41/E11,1),IF('دليل المؤشرات'!$D$41="★",E11/10,MIN(E11/'دليل المؤشرات'!$F$41,1)))*'دليل المؤشرات'!$E$41,1),0))) -> 16 | L11: =IF($B11="","",IF(F11="","",IFERROR(ROUND(IF('دليل المؤشرات'!$D$42="↓",MIN('دليل المؤشرات'!$F$42/F11,1),IF('دليل المؤشرات'!$D$42="★",F11/10,MIN(F11/'دليل المؤشرات'!$F$42,1)))*'دليل المؤشرات'!$E$42,1),0))) -> 10.7 | M11: =IF($B11="","",IF(G11="","",IFERROR(ROUND(IF('دليل المؤشرات'!$D$43="↓",MIN('دليل المؤشرات'!$F$43/G11,1),IF('دليل المؤشرات'!$D$43="★",G11/10,MIN(G11/'دليل المؤشرات'!$F$43,1)))*'دليل المؤشرات'!$E$43,1),0))) -> 7.1 | N11: =IF($B11="","",IF(H11="","",IFERROR(ROUND(IF('دليل المؤشرات'!$D$44="↓",MIN('دليل المؤشرات'!$F$44/H11,1),IF('دليل المؤشرات'!$D$44="★",H11/10,MIN(H11/'دليل المؤشرات'!$F$44,1)))*'دليل المؤشرات'!$E$44,1),0))) -> 7.8 | O11: =IF(B11="","",ROUND(SUM(I11:N11),1)) -> 76.1 | P11: =IF(O11="","",IF(O11>=90,"أداء متميز",IF(O11>=75,"يفوق التوقعات",IF(O11>=60,"يلبّي التوقعات",IF(O11>=45,"يحتاج تطوير","غير مُرضٍ"))))) -> يفوق التوقعات
A12: 9 | B12: شهد القحطاني | C12: 42 | D12: 50 | E12: 49 | F12: 11.2 | G12: 48 | H12: 49 | I12: =IF($B12="","",IF(C12="","",IFERROR(ROUND(IF('دليل المؤشرات'!$D$39="↓",MIN('دليل المؤشرات'!$F$39/C12,1),IF('دليل المؤشرات'!$D$39="★",C12/10,MIN(C12/'دليل المؤشرات'!$F$39,1)))*'دليل المؤشرات'!$E$39,1),0))) -> 11.7 | J12: =IF($B12="","",IF(D12="","",IFERROR(ROUND(IF('دليل المؤشرات'!$D$40="↓",MIN('دليل المؤشرات'!$F$40/D12,1),IF('دليل المؤشرات'!$D$40="★",D12/10,MIN(D12/'دليل المؤشرات'!$F$40,1)))*'دليل المؤشرات'!$E$40,1),0))) -> 10.2 | K12: =IF($B12="","",IF(E12="","",IFERROR(ROUND(IF('دليل المؤشرات'!$D$41="↓",MIN('دليل المؤشرات'!$F$41/E12,1),IF('دليل المؤشرات'!$D$41="★",E12/10,MIN(E12/'دليل المؤشرات'!$F$41,1)))*'دليل المؤشرات'!$E$41,1),0))) -> 9.8 | L12: =IF($B12="","",IF(F12="","",IFERROR(ROUND(IF('دليل المؤشرات'!$D$42="↓",MIN('دليل المؤشرات'!$F$42/F12,1),IF('دليل المؤشرات'!$D$42="★",F12/10,MIN(F12/'دليل المؤشرات'!$F$42,1)))*'دليل المؤشرات'!$E$42,1),0))) -> 6.7 | M12: =IF($B12="","",IF(G12="","",IFERROR(ROUND(IF('دليل المؤشرات'!$D$43="↓",MIN('دليل المؤشرات'!$F$43/G12,1),IF('دليل المؤشرات'!$D$43="★",G12/10,MIN(G12/'دليل المؤشرات'!$F$43,1)))*'دليل المؤشرات'!$E$43,1),0))) -> 4.8 | N12: =IF($B12="","",IF(H12="","",IFERROR(ROUND(IF('دليل المؤشرات'!$D$44="↓",MIN('دليل المؤشرات'!$F$44/H12,1),IF('دليل المؤشرات'!$D$44="★",H12/10,MIN(H12/'دليل المؤشرات'!$F$44,1)))*'دليل المؤشرات'!$E$44,1),0))) -> 4.9 | O12: =IF(B12="","",ROUND(SUM(I12:N12),1)) -> 48.1 | P12: =IF(O12="","",IF(O12>=90,"أداء متميز",IF(O12>=75,"يفوق التوقعات",IF(O12>=60,"يلبّي التوقعات",IF(O12>=45,"يحتاج تطوير","غير مُرضٍ"))))) -> يحتاج تطوير
A13: 10 | B13: وليد البقمي | C13: 64 | D13: 64 | E13: 76 | F13: 6.4 | G13: 71 | H13: 65 | I13: =IF($B13="","",IF(C13="","",IFERROR(ROUND(IF('دليل المؤشرات'!$D$39="↓",MIN('دليل المؤشرات'!$F$39/C13,1),IF('دليل المؤشرات'!$D$39="★",C13/10,MIN(C13/'دليل المؤشرات'!$F$39,1)))*'دليل المؤشرات'!$E$39,1),0))) -> 17.8 | J13: =IF($B13="","",IF(D13="","",IFERROR(ROUND(IF('دليل المؤشرات'!$D$40="↓",MIN('دليل المؤشرات'!$F$40/D13,1),IF('دليل المؤشرات'!$D$40="★",D13/10,MIN(D13/'دليل المؤشرات'!$F$40,1)))*'دليل المؤشرات'!$E$40,1),0))) -> 13.1 | K13: =IF($B13="","",IF(E13="","",IFERROR(ROUND(IF('دليل المؤشرات'!$D$41="↓",MIN('دليل المؤشرات'!$F$41/E13,1),IF('دليل المؤشرات'!$D$41="★",E13/10,MIN(E13/'دليل المؤشرات'!$F$41,1)))*'دليل المؤشرات'!$E$41,1),0))) -> 15.2 | L13: =IF($B13="","",IF(F13="","",IFERROR(ROUND(IF('دليل المؤشرات'!$D$42="↓",MIN('دليل المؤشرات'!$F$42/F13,1),IF('دليل المؤشرات'!$D$42="★",F13/10,MIN(F13/'دليل المؤشرات'!$F$42,1)))*'دليل المؤشرات'!$E$42,1),0))) -> 11.7 | M13: =IF($B13="","",IF(G13="","",IFERROR(ROUND(IF('دليل المؤشرات'!$D$43="↓",MIN('دليل المؤشرات'!$F$43/G13,1),IF('دليل المؤشرات'!$D$43="★",G13/10,MIN(G13/'دليل المؤشرات'!$F$43,1)))*'دليل المؤشرات'!$E$43,1),0))) -> 7.1 | N13: =IF($B13="","",IF(H13="","",IFERROR(ROUND(IF('دليل المؤشرات'!$D$44="↓",MIN('دليل المؤشرات'!$F$44/H13,1),IF('دليل المؤشرات'!$D$44="★",H13/10,MIN(H13/'دليل المؤشرات'!$F$44,1)))*'دليل المؤشرات'!$E$44,1),0))) -> 6.5 | O13: =IF(B13="","",ROUND(SUM(I13:N13),1)) -> 71.4 | P13: =IF(O13="","",IF(O13>=90,"أداء متميز",IF(O13>=75,"يفوق التوقعات",IF(O13>=60,"يلبّي التوقعات",IF(O13>=45,"يحتاج تطوير","غير مُرضٍ"))))) -> يلبّي التوقعات
A14: 11 | B14: العنود الغامدي | C14: 79 | D14: 86 | E14: 97 | F14: 5.7 | G14: 83 | H14: 82 | I14: =IF($B14="","",IF(C14="","",IFERROR(ROUND(IF('دليل المؤشرات'!$D$39="↓",MIN('دليل المؤشرات'!$F$39/C14,1),IF('دليل المؤشرات'!$D$39="★",C14/10,MIN(C14/'دليل المؤشرات'!$F$39,1)))*'دليل المؤشرات'!$E$39,1),0))) -> 21.9 | J14: =IF($B14="","",IF(D14="","",IFERROR(ROUND(IF('دليل المؤشرات'!$D$40="↓",MIN('دليل المؤشرات'!$F$40/D14,1),IF('دليل المؤشرات'!$D$40="★",D14/10,MIN(D14/'دليل المؤشرات'!$F$40,1)))*'دليل المؤشرات'!$E$40,1),0))) -> 17.6 | K14: =IF($B14="","",IF(E14="","",IFERROR(ROUND(IF('دليل المؤشرات'!$D$41="↓",MIN('دليل المؤشرات'!$F$41/E14,1),IF('دليل المؤشرات'!$D$41="★",E14/10,MIN(E14/'دليل المؤشرات'!$F$41,1)))*'دليل المؤشرات'!$E$41,1),0))) -> 19.4 | L14: =IF($B14="","",IF(F14="","",IFERROR(ROUND(IF('دليل المؤشرات'!$D$42="↓",MIN('دليل المؤشرات'!$F$42/F14,1),IF('دليل المؤشرات'!$D$42="★",F14/10,MIN(F14/'دليل المؤشرات'!$F$42,1)))*'دليل المؤشرات'!$E$42,1),0))) -> 13.2 | M14: =IF($B14="","",IF(G14="","",IFERROR(ROUND(IF('دليل المؤشرات'!$D$43="↓",MIN('دليل المؤشرات'!$F$43/G14,1),IF('دليل المؤشرات'!$D$43="★",G14/10,MIN(G14/'دليل المؤشرات'!$F$43,1)))*'دليل المؤشرات'!$E$43,1),0))) -> 8.3 | N14: =IF($B14="","",IF(H14="","",IFERROR(ROUND(IF('دليل المؤشرات'!$D$44="↓",MIN('دليل المؤشرات'!$F$44/H14,1),IF('دليل المؤشرات'!$D$44="★",H14/10,MIN(H14/'دليل المؤشرات'!$F$44,1)))*'دليل المؤشرات'!$E$44,1),0))) -> 8.2 | O14: =IF(B14="","",ROUND(SUM(I14:N14),1)) -> 88.6 | P14: =IF(O14="","",IF(O14>=90,"أداء متميز",IF(O14>=75,"يفوق التوقعات",IF(O14>=60,"يلبّي التوقعات",IF(O14>=45,"يحتاج تطوير","غير مُرضٍ"))))) -> يفوق التوقعات
A15: 12 | B15: العنود الشهراني | C15: 94 | D15: 90 | E15: 90 | F15: 5.4 | G15: 105 | H15: 97 | I15: =IF($B15="","",IF(C15="","",IFERROR(ROUND(IF('دليل المؤشرات'!$D$39="↓",MIN('دليل المؤشرات'!$F$39/C15,1),IF('دليل المؤشرات'!$D$39="★",C15/10,MIN(C15/'دليل المؤشرات'!$F$39,1)))*'دليل المؤشرات'!$E$39,1),0))) -> 25 | J15: =IF($B15="","",IF(D15="","",IFERROR(ROUND(IF('دليل المؤشرات'!$D$40="↓",MIN('دليل المؤشرات'!$F$40/D15,1),IF('دليل المؤشرات'!$D$40="★",D15/10,MIN(D15/'دليل المؤشرات'!$F$40,1)))*'دليل المؤشرات'!$E$40,1),0))) -> 18.4 | K15: =IF($B15="","",IF(E15="","",IFERROR(ROUND(IF('دليل المؤشرات'!$D$41="↓",MIN('دليل المؤشرات'!$F$41/E15,1),IF('دليل المؤشرات'!$D$41="★",E15/10,MIN(E15/'دليل المؤشرات'!$F$41,1)))*'دليل المؤشرات'!$E$41,1),0))) -> 18 | L15: =IF($B15="","",IF(F15="","",IFERROR(ROUND(IF('دليل المؤشرات'!$D$42="↓",MIN('دليل المؤشرات'!$F$42/F15,1),IF('دليل المؤشرات'!$D$42="★",F15/10,MIN(F15/'دليل المؤشرات'!$F$42,1)))*'دليل المؤشرات'!$E$42,1),0))) -> 13.9 | M15: =IF($B15="","",IF(G15="","",IFERROR(ROUND(IF('دليل المؤشرات'!$D$43="↓",MIN('دليل المؤشرات'!$F$43/G15,1),IF('دليل المؤشرات'!$D$43="★",G15/10,MIN(G15/'دليل المؤشرات'!$F$43,1)))*'دليل المؤشرات'!$E$43,1),0))) -> 10 | N15: =IF($B15="","",IF(H15="","",IFERROR(ROUND(IF('دليل المؤشرات'!$D$44="↓",MIN('دليل المؤشرات'!$F$44/H15,1),IF('دليل المؤشرات'!$D$44="★",H15/10,MIN(H15/'دليل المؤشرات'!$F$44,1)))*'دليل المؤشرات'!$E$44,1),0))) -> 9.7 | O15: =IF(B15="","",ROUND(SUM(I15:N15),1)) -> 95 | P15: =IF(O15="","",IF(O15>=90,"أداء متميز",IF(O15>=75,"يفوق التوقعات",IF(O15>=60,"يلبّي التوقعات",IF(O15>=45,"يحتاج تطوير","غير مُرضٍ"))))) -> أداء متميز
... A19: 16 | B19: شهد الحربي | C19: 52 | D19: 51 | E19: 62 | F19: 9.4 | G19: 56 | H19: 53 | I19: =IF($B19="","",IF(C19="","",IFERROR(ROUND(IF('دليل المؤشرات'!$D$39="↓",MIN('دليل المؤشرات'!$F$39/C19,1),IF('دليل المؤشرات'!$D$39="★",C19/10,MIN(C19/'دليل المؤشرات'!$F$39,1)))*'دليل المؤشرات'!$E$39,1),0))) -> 14.4 | J19: =IF($B19="","",IF(D19="","",IFERROR(ROUND(IF('دليل المؤشرات'!$D$40="↓",MIN('دليل المؤشرات'!$F$40/D19,1),IF('دليل المؤشرات'!$D$40="★",D19/10,MIN(D19/'دليل المؤشرات'!$F$40,1)))*'دليل المؤشرات'!$E$40,1),0))) -> 10.4 | K19: =IF($B19="","",IF(E19="","",IFERROR(ROUND(IF('دليل المؤشرات'!$D$41="↓",MIN('دليل المؤشرات'!$F$41/E19,1),IF('دليل المؤشرات'!$D$41="★",E19/10,MIN(E19/'دليل المؤشرات'!$F$41,1)))*'دليل المؤشرات'!$E$41,1),0))) -> 12.4 | L19: =IF($B19="","",IF(F19="","",IFERROR(ROUND(IF('دليل المؤشرات'!$D$42="↓",MIN('دليل المؤشرات'!$F$42/F19,1),IF('دليل المؤشرات'!$D$42="★",F19/10,MIN(F19/'دليل المؤشرات'!$F$42,1)))*'دليل المؤشرات'!$E$42,1),0))) -> 8 | M19: =IF($B19="","",IF(G19="","",IFERROR(ROUND(IF('دليل المؤشرات'!$D$43="↓",MIN('دليل المؤشرات'!$F$43/G19,1),IF('دليل المؤشرات'!$D$43="★",G19/10,MIN(G19/'دليل المؤشرات'!$F$43,1)))*'دليل المؤشرات'!$E$43,1),0))) -> 5.6 | N19: =IF($B19="","",IF(H19="","",IFERROR(ROUND(IF('دليل المؤشرات'!$D$44="↓",MIN('دليل المؤشرات'!$F$44/H19,1),IF('دليل المؤشرات'!$D$44="★",H19/10,MIN(H19/'دليل المؤشرات'!$F$44,1)))*'دليل المؤشرات'!$E$44,1),0))) -> 5.3 | O19: =IF(B19="","",ROUND(SUM(I19:N19),1)) -> 56.1 | P19: =IF(O19="","",IF(O19>=90,"أداء متميز",IF(O19>=75,"يفوق التوقعات",IF(O19>=60,"يلبّي التوقعات",IF(O19>=45,"يحتاج تطوير","غير مُرضٍ"))))) -> يحتاج تطوير
A20: 17 | I20: =IF($B20="","",IF(C20="","",IFERROR(ROUND(IF('دليل المؤشرات'!$D$39="↓",MIN('دليل المؤشرات'!$F$39/C20,1),IF('دليل المؤشرات'!$D$39="★",C20/10,MIN(C20/'دليل المؤشرات'!$F$39,1)))*'دليل المؤشرات'!$E$39,1),0))) | J20: =IF($B20="","",IF(D20="","",IFERROR(ROUND(IF('دليل المؤشرات'!$D$40="↓",MIN('دليل المؤشرات'!$F$40/D20,1),IF('دليل المؤشرات'!$D$40="★",D20/10,MIN(D20/'دليل المؤشرات'!$F$40,1)))*'دليل المؤشرات'!$E$40,1),0))) | K20: =IF($B20="","",IF(E20="","",IFERROR(ROUND(IF('دليل المؤشرات'!$D$41="↓",MIN('دليل المؤشرات'!$F$41/E20,1),IF('دليل المؤشرات'!$D$41="★",E20/10,MIN(E20/'دليل المؤشرات'!$F$41,1)))*'دليل المؤشرات'!$E$41,1),0))) | L20: =IF($B20="","",IF(F20="","",IFERROR(ROUND(IF('دليل المؤشرات'!$D$42="↓",MIN('دليل المؤشرات'!$F$42/F20,1),IF('دليل المؤشرات'!$D$42="★",F20/10,MIN(F20/'دليل المؤشرات'!$F$42,1)))*'دليل المؤشرات'!$E$42,1),0))) | M20: =IF($B20="","",IF(G20="","",IFERROR(ROUND(IF('دليل المؤشرات'!$D$43="↓",MIN('دليل المؤشرات'!$F$43/G20,1),IF('دليل المؤشرات'!$D$43="★",G20/10,MIN(G20/'دليل المؤشرات'!$F$43,1)))*'دليل المؤشرات'!$E$43,1),0))) | N20: =IF($B20="","",IF(H20="","",IFERROR(ROUND(IF('دليل المؤشرات'!$D$44="↓",MIN('دليل المؤشرات'!$F$44/H20,1),IF('دليل المؤشرات'!$D$44="★",H20/10,MIN(H20/'دليل المؤشرات'!$F$44,1)))*'دليل المؤشرات'!$E$44,1),0))) | O20: =IF(B20="","",ROUND(SUM(I20:N20),1)) | P20: =IF(O20="","",IF(O20>=90,"أداء متميز",IF(O20>=75,"يفوق التوقعات",IF(O20>=60,"يلبّي التوقعات",IF(O20>=45,"يحتاج تطوير","غير مُرضٍ")))))
A21: 18 | I21: =IF($B21="","",IF(C21="","",IFERROR(ROUND(IF('دليل المؤشرات'!$D$39="↓",MIN('دليل المؤشرات'!$F$39/C21,1),IF('دليل المؤشرات'!$D$39="★",C21/10,MIN(C21/'دليل المؤشرات'!$F$39,1)))*'دليل المؤشرات'!$E$39,1),0))) | J21: =IF($B21="","",IF(D21="","",IFERROR(ROUND(IF('دليل المؤشرات'!$D$40="↓",MIN('دليل المؤشرات'!$F$40/D21,1),IF('دليل المؤشرات'!$D$40="★",D21/10,MIN(D21/'دليل المؤشرات'!$F$40,1)))*'دليل المؤشرات'!$E$40,1),0))) | K21: =IF($B21="","",IF(E21="","",IFERROR(ROUND(IF('دليل المؤشرات'!$D$41="↓",MIN('دليل المؤشرات'!$F$41/E21,1),IF('دليل المؤشرات'!$D$41="★",E21/10,MIN(E21/'دليل المؤشرات'!$F$41,1)))*'دليل المؤشرات'!$E$41,1),0))) | L21: =IF($B21="","",IF(F21="","",IFERROR(ROUND(IF('دليل المؤشرات'!$D$42="↓",MIN('دليل المؤشرات'!$F$42/F21,1),IF('دليل المؤشرات'!$D$42="★",F21/10,MIN(F21/'دليل المؤشرات'!$F$42,1)))*'دليل المؤشرات'!$E$42,1),0))) | M21: =IF($B21="","",IF(G21="","",IFERROR(ROUND(IF('دليل المؤشرات'!$D$43="↓",MIN('دليل المؤشرات'!$F$43/G21,1),IF('دليل المؤشرات'!$D$43="★",G21/10,MIN(G21/'دليل المؤشرات'!$F$43,1)))*'دليل المؤشرات'!$E$43,1),0))) | N21: =IF($B21="","",IF(H21="","",IFERROR(ROUND(IF('دليل المؤشرات'!$D$44="↓",MIN('دليل المؤشرات'!$F$44/H21,1),IF('دليل المؤشرات'!$D$44="★",H21/10,MIN(H21/'دليل المؤشرات'!$F$44,1)))*'دليل المؤشرات'!$E$44,1),0))) | O21: =IF(B21="","",ROUND(SUM(I21:N21),1)) | P21: =IF(O21="","",IF(O21>=90,"أداء متميز",IF(O21>=75,"يفوق التوقعات",IF(O21>=60,"يلبّي التوقعات",IF(O21>=45,"يحتاج تطوير","غير مُرضٍ")))))
A22: 19 | I22: =IF($B22="","",IF(C22="","",IFERROR(ROUND(IF('دليل المؤشرات'!$D$39="↓",MIN('دليل المؤشرات'!$F$39/C22,1),IF('دليل المؤشرات'!$D$39="★",C22/10,MIN(C22/'دليل المؤشرات'!$F$39,1)))*'دليل المؤشرات'!$E$39,1),0))) | J22: =IF($B22="","",IF(D22="","",IFERROR(ROUND(IF('دليل المؤشرات'!$D$40="↓",MIN('دليل المؤشرات'!$F$40/D22,1),IF('دليل المؤشرات'!$D$40="★",D22/10,MIN(D22/'دليل المؤشرات'!$F$40,1)))*'دليل المؤشرات'!$E$40,1),0))) | K22: =IF($B22="","",IF(E22="","",IFERROR(ROUND(IF('دليل المؤشرات'!$D$41="↓",MIN('دليل المؤشرات'!$F$41/E22,1),IF('دليل المؤشرات'!$D$41="★",E22/10,MIN(E22/'دليل المؤشرات'!$F$41,1)))*'دليل المؤشرات'!$E$41,1),0))) | L22: =IF($B22="","",IF(F22="","",IFERROR(ROUND(IF('دليل المؤشرات'!$D$42="↓",MIN('دليل المؤشرات'!$F$42/F22,1),IF('دليل المؤشرات'!$D$42="★",F22/10,MIN(F22/'دليل المؤشرات'!$F$42,1)))*'دليل المؤشرات'!$E$42,1),0))) | M22: =IF($B22="","",IF(G22="","",IFERROR(ROUND(IF('دليل المؤشرات'!$D$43="↓",MIN('دليل المؤشرات'!$F$43/G22,1),IF('دليل المؤشرات'!$D$43="★",G22/10,MIN(G22/'دليل المؤشرات'!$F$43,1)))*'دليل المؤشرات'!$E$43,1),0))) | N22: =IF($B22="","",IF(H22="","",IFERROR(ROUND(IF('دليل المؤشرات'!$D$44="↓",MIN('دليل المؤشرات'!$F$44/H22,1),IF('دليل المؤشرات'!$D$44="★",H22/10,MIN(H22/'دليل المؤشرات'!$F$44,1)))*'دليل المؤشرات'!$E$44,1),0))) | O22: =IF(B22="","",ROUND(SUM(I22:N22),1)) | P22: =IF(O22="","",IF(O22>=90,"أداء متميز",IF(O22>=75,"يفوق التوقعات",IF(O22>=60,"يلبّي التوقعات",IF(O22>=45,"يحتاج تطوير","غير مُرضٍ")))))
A23: 20 | I23: =IF($B23="","",IF(C23="","",IFERROR(ROUND(IF('دليل المؤشرات'!$D$39="↓",MIN('دليل المؤشرات'!$F$39/C23,1),IF('دليل المؤشرات'!$D$39="★",C23/10,MIN(C23/'دليل المؤشرات'!$F$39,1)))*'دليل المؤشرات'!$E$39,1),0))) | J23: =IF($B23="","",IF(D23="","",IFERROR(ROUND(IF('دليل المؤشرات'!$D$40="↓",MIN('دليل المؤشرات'!$F$40/D23,1),IF('دليل المؤشرات'!$D$40="★",D23/10,MIN(D23/'دليل المؤشرات'!$F$40,1)))*'دليل المؤشرات'!$E$40,1),0))) | K23: =IF($B23="","",IF(E23="","",IFERROR(ROUND(IF('دليل المؤشرات'!$D$41="↓",MIN('دليل المؤشرات'!$F$41/E23,1),IF('دليل المؤشرات'!$D$41="★",E23/10,MIN(E23/'دليل المؤشرات'!$F$41,1)))*'دليل المؤشرات'!$E$41,1),0))) | L23: =IF($B23="","",IF(F23="","",IFERROR(ROUND(IF('دليل المؤشرات'!$D$42="↓",MIN('دليل المؤشرات'!$F$42/F23,1),IF('دليل المؤشرات'!$D$42="★",F23/10,MIN(F23/'دليل المؤشرات'!$F$42,1)))*'دليل المؤشرات'!$E$42,1),0))) | M23: =IF($B23="","",IF(G23="","",IFERROR(ROUND(IF('دليل المؤشرات'!$D$43="↓",MIN('دليل المؤشرات'!$F$43/G23,1),IF('دليل المؤشرات'!$D$43="★",G23/10,MIN(G23/'دليل المؤشرات'!$F$43,1)))*'دليل المؤشرات'!$E$43,1),0))) | N23: =IF($B23="","",IF(H23="","",IFERROR(ROUND(IF('دليل المؤشرات'!$D$44="↓",MIN('دليل المؤشرات'!$F$44/H23,1),IF('دليل المؤشرات'!$D$44="★",H23/10,MIN(H23/'دليل المؤشرات'!$F$44,1)))*'دليل المؤشرات'!$E$44,1),0))) | O23: =IF(B23="","",ROUND(SUM(I23:N23),1)) | P23: =IF(O23="","",IF(O23>=90,"أداء متميز",IF(O23>=75,"يفوق التوقعات",IF(O23>=60,"يلبّي التوقعات",IF(O23>=45,"يحتاج تطوير","غير مُرضٍ")))))
